Player,SR,Valid_average,,Names,Valid_average
A Bagai,65.57,37.76,,A Bagai,37.76
A Balbirnie,75.49,31.8,,A Balbirnie,31.8
A Bhandari,-,-,,A Bhandari,-
A Codrington,51.08,-,,A Codrington,-
A Dananjaya,68.85,12.86,,A Dananjaya,12.86
A Flintoff,88.82,32.01,,A Flintoff,32.01
A Flower,74.59,35.34,,A Flower,35.34
A Jadeja,69.8,37.47,,A Jadeja,37.47
A Kumble,61.06,10.53,,A Kumble,10.53
A Kuruvilla,60.46,3.71,,A Kuruvilla,3.71
A Maregwede,56.88,12.4,,A Maregwede,12.4
A Martin,34.48,-,,A Martin,-
A McGrath,47.02,16.6,,A McGrath,16.6
A Mishra,52.43,5.37,,A Mishra,5.37
A Mithun,92.72,-,,A Mithun,-
A Nao,108.43,45,,A Nao,45
A Ndlovu,-,5.64,,A Nehra,5.64
A Nehra,57.31,-,,A Neill,-
A Neill,0,12.7,,A Nel,12.7
A Nel,76.5,-,,A Nortje,-
A Nortje,44.44,-,,A Patel,-
A Patel,86.2,35.84,,A Ranatunga,35.84
A Ranatunga,77.9,12.85,,A Ratra,12.85
A Ratra,70.86,6.5,,A Shahzad,6.5
A Shahzad,65,-,,A Shamshudeen,-
A Shamshudeen,10.71,39.75,,A Symonds,39.75
A Symonds,92.44,-,,A Turner,-
A Turner,79.93,27.37,,A Vala,27.37
A Vala,68.29,-,,A van der Merwe,-
A van der Merwe,60,6.66,,A Zampa,6.66
A Zampa,62.57,4.31,,AA Donald,4.31
AA Donald,34.05,-,,AA Mallett,-
AA Mallett,38.88,20.08,,AA Mulla,20.08
AA Mulla,81,30.37,,AA Obanda,30.37
AA Noffke,-,-,,Aamer Hameed,-
AA Obanda,74.03,-,,Aamer Hanif,-
Aamer Hameed,-,25.27,,Aamer Malik,25.27
Aamer Hanif,69.53,-,,Aamer Nazir,-
Aamer Malik,56.21,31.86,,Aamer Sohail,31.86
Aamer Nazir,65,-,,Aamer Yamin,-
Aamer Sohail,65.5,-,,Aamir Kaleem,-
Aamer Yamin,98.95,10.68,,Aaqib Javed,10.68
Aamir Kaleem,81.25,-,,Aarif Sheikh,-
Aaqib Javed,58.55,-,,Aaron Jones,-
Aarif Sheikh,53.4,-,,AAW Gunawardena,-
Aaron Jones,66.79,14.58,,AB Agarkar,14.58
AAW Gunawardena,20,30.3,,AB Barath,30.3
AB Agarkar,80.62,53.5,,AB de Villiers,53.5
AB Barath,64.37,4.2,,AB Dinda,4.2
AB de Villiers,101.09,-,,Abdul Jabbar,-
AB Dinda,58.33,15.26,,Abdul Qadir,15.26
Abdul Jabbar,71.95,29.7,,Abdul Razzaq,29.7
Abdul Qadir,75.5,-,,Abdul Rehman,-
Abdul Razzaq,81.25,-,,Abdul Shakoor,-
Abdul Rehman,7.69,-,,Abdullah Mazari,-
Abdul Shakoor,52.94,-,,Abdur Rauf,-
Abdullah Mazari,18.75,13.43,,Abdur Razzak,13.43
Abdur Rauf,-,8.35,,Abdur Rehman,8.35
Abdur Razzak,76.37,-,,Abid Ali,-
Abdur Rehman,53.99,-,,Abu Hider,-
Abid Ali,97.44,-,,Abu Jayed,-
Abu Hider,9.09,-,,Abul Hasan,-
Abu Jayed,-,-,,AC Agar,-
Abul Hasan,68.75,22.57,,AC Bedade,22.57
AC Agar,88.23,19.58,,AC Botha,19.58
AC Bedade,86.33,13.5,,AC Cummins,13.5
AC Botha,68.65,19.5,,AC Dale,19.5
AC Cummins,82.93,23,,AC Dawson,23
AC Dale,57.35,10,,AC Evans,10
AC Dawson,102.98,35.89,,AC Gilchrist,35.89
AC Evans,63.69,29.41,,AC Hudson,29.41
AC Gilchrist,96.94,25.68,,AC Parore,25.68
AC Hudson,64.62,45.78,,AC Voges,45.78
AC Parore,68.09,23.37,,AC Waller,23.37
AC Voges,87.17,-,,ACI Lock,-
AC Waller,69.79,-,,ACL Richards,-
ACI Lock,40,22.12,,AD Brown,22.12
ACL Richards,100,20.69,,AD Gaekwad,20.69
AD Brown,82.9,37.79,,AD Hales,37.79
AD Gaekwad,52.84,22.27,,AD Mascarenhas,22.27
AD Hales,95.72,42.73,,AD Mathews,42.73
AD Mascarenhas,95.33,5.73,,AD Mullally,5.73
AD Mathews,83.33,19.61,,AD Poynter,19.61
AD Mullally,36.13,27.21,,AD Russell,27.21
AD Poynter,61.89,2.8,,Adeel Raja,2.8
AD Russell,130.22,-,,ADG Roberts,-
Adeel Raja,20.14,-,,ADJ Pitcher,-
ADG Roberts,66.66,-,,Adnan Akmal,-
ADJ Pitcher,71.42,27.5,,Adnan Mufti,27.5
Adnan Akmal,69.66,30.5,,ADR Campbell,30.5
Adnan Mufti,80.68,14.16,,ADS Fletcher,14.16
ADR Campbell,66.18,-,,AE Greenidge,-
ADS Fletcher,64.48,15.55,,AF Buurman,15.55
AE Greenidge,69.69,17.5,,AF Giles,17.5
AF Buurman,78.21,16.8,,AF Milne,16.8
AF Giles,69.87,-,,AF Sattaur,-
AF Milne,101.81,-,,AFG Griffith,-
AF Sattaur,33.33,17.6,,Afsar Zazai,17.6
AFG Griffith,55.93,24.73,,Aftab Ahmed,24.73
Afsar Zazai,54.09,11.42,,Aftab Alam,11.42
Aftab Ahmed,83.04,-,,Afzaal Haider,-
Aftab Alam,74.76,14.58,,AG Cremer,14.58
Afzaal Haider,42.3,-,,AG Davies,-
AG Cremer,62.2,2.25,,AG Huckle,2.25
AG Davies,53.89,-,,AG Hurst,-
AG Huckle,56.25,35.1,,AG Prince,35.1
AG Hurst,36.84,-,,AG Puttick,-
AG Prince,67.77,9.5,,AG Wharf,9.5
AG Puttick,0,-,,AGD Wickremasinghe,-
AG Wharf,67.85,-,,AGR Loudon,-
AGD Wickremasinghe,20,8.5,,AH Gray,8.5
AGR Loudon,-,35.69,,AH Jones,35.69
AH Gray,66.23,16.8,,AH Omarshah,16.8
AH Jones,57.86,-,,Ahmed Kamal,-
AH Omarshah,50.81,12.9,,Ahmed Raza,12.9
Ahmed Kamal,57.89,-,,Ahmed Shah,-
Ahmed Raza,56.66,32.56,,Ahmed Shehzad,32.56
Ahmed Shah,20,-,,Ahsan Malik,-
Ahmed Shehzad,72.08,34.41,,AI Kallicharran,34.41
Ahsan Malik,51.85,13.77,,AIC Dodemaide,13.77
AI Kallicharran,62.15,-,,Aijaz Ali,-
AIC Dodemaide,77.98,8.66,,Aizaz Cheema,8.66
Aijaz Ali,45.45,20,,Aizaz Khan,20
Aizaz Cheema,57.77,20.47,,AJ Bichel,20.47
Aizaz Khan,69.51,-,,AJ Burger,-
AJ Bichel,78.5,40.34,,AJ Finch,40.34
AJ Burger,100.5,21.04,,AJ Hall,21.04
AJ Finch,89.39,25.25,,AJ Hollioake,25.25
AJ Hall,75.04,3.75,,AJ Ireland,3.75
AJ Hollioake,75.09,39.31,,AJ Lamb,39.31
AJ Ireland,29.7,4,,AJ McKay,4
AJ Lamb,75.54,-,,AJ Penn,-
AJ Mackay,-,17.35,,AJ Pycroft,17.35
AJ McKay,25.53,-,,AJ Redmond,-
AJ Penn,69.69,31.6,,AJ Stewart,31.6
AJ Pycroft,52.67,35.63,,AJ Strauss,35.63
AJ Redmond,58.68,11,,AJ Traicos,11
AJ Stewart,68.36,-,,AJ Tudor,-
AJ Strauss,80.94,-,,AJ Turner,-
AJ Traicos,50.28,-,,AJ Tye,-
AJ Tudor,81.81,-,,AJ Woodcock,-
AJ Turner,127.92,27.95,,AK Markram,27.95
AJ Tye,118.75,-,,AK Patel,-
AJ Woodcock,79.1,-,,AK Perera,-
AK Markram,85.16,-,,AK Sah,-
AK Patel,54.54,20.19,,AK Sharma,20.19
AK Perera,62.65,-,,AK Zesers,-
AK Sah,71.42,-,,Akhtar Sarfraz,-
AK Sharma,90.4,23.23,,Akram Khan,23.23
AK Zesers,71.42,17.54,,Akram Raza,17.54
Akhtar Sarfraz,66.66,-,,Akshay Homraj,-
Akram Khan,56.71,-,,AL Kandappah,-
Akram Raza,62.25,28.95,,AL Logie,28.95
Akshay Homraj,73.33,32.29,,AL Phehlukwayo,32.29
AL Kandappah,62.17,13.35,,Al Sahariar,13.35
AL Logie,73.9,-,,AL Wadekar,-
AL Phehlukwayo,90,2,,Al-Amin Hossain,2
Al Sahariar,52.75,-,,Alawi Shukri,-
AL Thomson,-,14.56,,ALF de Mel,14.56
AL Wadekar,81.11,-,,Ali Asad,-
Al-Amin Hossain,20,-,,Ali Khan,-
Alawi Shukri,33.33,19.6,,Alok Kapali,19.6
ALF de Mel,78.31,20.76,,AM Bacher,20.76
Ali Asad,44.68,18.96,,AM Blignaut,18.96
Ali Khan,27.27,-,,AM de Silva,-
Alok Kapali,67.96,14,,AM Ellis,14
AM Bacher,57.56,-,,AM Guruge,-
AM Blignaut,106.28,-,,AM Nayar,-
AM de Silva,50,7.36,,AM Phangiso,7.36
AM Ellis,83.69,35.26,,AM Rahane,35.26
AM Fernando,-,-,,AM Salvi,-
AM Guruge,55.17,29.6,,AM Samad,29.6
AM Nayar,0,-,,AM Stuart,-
AM Phangiso,50,-,,Aman Ali,-
AM Rahane,78.63,10.04,,AME Roberts,10.04
AM Salvi,28.57,23.35,,Aminul Islam,23.35
AM Samad,70.81,-,,Aminul Islam jnr,-
AM Stuart,14.28,3.28,,Amir Hamza,3.28
Aman Ali,0,-,,Amir Hayat,-
AME Roberts,64.7,-,,AMJ Hilditch,-
Aminul Islam,56.59,30.58,,Amjad Ali,30.58
Aminul Islam jnr,-,19.91,,Amjad Javed,19.91
Amir Hamza,24.46,-,,AMN Munasinghe,-
Amir Hayat,42.46,36.4,,AN Cook,36.4
AMJ Hilditch,47.47,-,,AN French,-
Amjad Ali,76.47,28,,AN Kervezee,28
Amjad Javed,89.51,28,,AN Petersen,28
AMN Munasinghe,25,-,,AN Ranasinghe,-
AN Connolly,-,30.05,,Anamul Haque,30.05
AN Cook,77.13,12.42,,Anil Dalpat,12.42
AN French,28.57,-,,Anisur Rahman,-
AN Kervezee,73.15,-,,Ankur Vasishta,-
AN Petersen,82.62,51.75,,Anshuman Rath,51.75
AN Ranasinghe,104.08,29.18,,Anwar Ali,29.18
Anamul Haque,70.69,-,,Anwar Hossain,-
Anil Dalpat,63.97,-,,Anwar Hossain Monir,-
Anisur Rahman,18.18,30.46,,AO Malhotra,30.46
Ankur Vasishta,52.17,12.97,,AO Suji,12.97
Anshuman Rath,76.66,17.72,,AP Devcich,17.72
Anwar Ali,87.46,-,,AP Grayson,-
Anwar Hossain,39.25,28.27,,AP Gurusinha,28.27
Anwar Hossain Monir,0,-,,AP Igglesden,-
AO Malhotra,70.85,33.68,,AP Kuiper,33.68
AO Suji,51.79,-,,AP Sheahan,-
AP Devcich,77.07,-,,AP Weerakkody,-
AP Grayson,46.15,-,,AP Wells,-
AP Gurusinha,60.88,-,,APB Tennekoon,-
AP Igglesden,64.51,20,,APE Knott,20
AP Kuiper,81.41,-,,Aqib Ilyas,-
AP Sheahan,60.48,17.45,,AR Adams,17.45
AP Weerakkody,50,-,,AR Berenger,-
AP Wells,150,30.62,,AR Border,30.62
APB Tennekoon,66.18,-,,AR Butcher,-
APE Knott,80.97,12.45,,AR Caddick,12.45
Aqib Ilyas,81.17,22.57,,AR Cusack,22.57
AR Adams,100.47,7.16,,AR Kapoor,7.16
AR Berenger,67.43,13.54,,AR Khurasiya,13.54
AR Border,71.42,16.18,,AR McBrine,16.18
AR Butcher,53.84,19.3,,AR Nurse,19.3
AR Caddick,63.03,12.92,,AR Patel,12.92
AR Cusack,64.27,-,,AR Pitcher,-
AR Kapoor,68.25,-,,AR Tait,-
AR Khurasiya,79.25,18.04,,AR White,18.04
AR McBrine,71.67,7.63,,AR Whittall,7.63
AR Nurse,97.85,12,,Arafat Sunny,12
AR Patel,95.26,12.81,,ARC Fraser,12.81
AR Pitcher,40.44,-,,Ariful Haque,-
AR Tait,109.37,-,,ARM Opatha,-
AR White,62.83,-,,Arshad Ali,-
AR Whittall,54.19,11.6,,Arshad Ayub,11.6
Arafat Sunny,52.17,12.09,,Arshad Khan,12.09
ARC Fraser,67.78,-,,Arshad Laeeq,-
Ariful Haque,-,-,,Arshad Pervez,-
ARM Opatha,52.72,23.38,,AS Hansra,23.38
Arshad Ali,52.94,26.25,,AS Joseph,26.25
Arshad Ayub,71.6,-,,AS Luseno,-
Arshad Khan,61.29,-,,AS Wassan,-
Arshad Laeeq,46.97,17.72,,ASA Perera,17.72
Arshad Pervez,23.4,-,,Asad Ali,-
AS Hansra,58.06,24.74,,Asad Shafiq,24.74
AS Joseph,79.6,24.54,,Asghar Afghan,24.54
AS Luseno,68,-,,Asghar Ali,-
AS Wassan,58.92,21.5,,Ashfaq Ahmed,21.5
ASA Perera,75.87,-,,Ashfaq Ahmed,-
Asad Ali,81.25,17.25,,Ashraf Ali,17.25
Asad Shafiq,67.5,27.76,,Asif Ali,27.76
Asghar Afghan,66.72,-,,Asif Iqbal,-
Asghar Ali,26.41,-,,Asif Iqbal (1),-
Ashfaq Ahmed,88.88,-,,Asif Mahmood,-
Ashfaq Ahmed,-,-,,Asif Masood,-
Ashraf Ali,51.11,26.04,,Asif Mujtaba,26.04
Asif Ali,128.92,-,,Asim Butt,-
Asif Iqbal,70.81,-,,Asim Saeed,-
Asif Iqbal (1),100,40.2,,AT Carey,40.2
Asif Mahmood,41.17,47.05,,AT Rayudu,47.05
Asif Masood,58.82,4.85,,Ata-ur-Rehman,4.85
Asif Mujtaba,63.91,29.55,,Athar Ali Khan,29.55
Asim Butt,82.14,-,,Atiq-uz-Zaman,-
Asim Saeed,63.15,18.96,,AU Rashid,18.96
AT Carey,92.44,-,,AV Kale,-
AT Rayudu,79.04,-,,AV Lalcheta,-
Ata-ur-Rehman,44.73,-,,AV Mankad,-
Athar Ali Khan,56.29,27.8,,AV Vadher,27.8
Atiq-uz-Zaman,94.44,16.81,,AW Greig,16.81
AU Rashid,102.43,-,,AW Mathieson,-
AV Kale,45.45,12.66,,AY Karim,12.66
AV Lalcheta,38.29,-,,Azam Khan,-
AV Mankad,72.13,15,,Azeem Hafeez,15
AV Vadher,54.29,36.9,,Azhar Ali,36.9
AW Greig,71.16,-,,Azhar Hossain,-
AW Mathieson,-,18.1,,Azhar Mahmood,18.1
AY Karim,60.8,-,,Azhar Saeed,-
Azam Khan,65.53,-,,Azmat Rana,-
Azeem Hafeez,43.26,-,,B Arun,-
Azhar Ali,74.45,-,,B Bhandari,-
Azhar Hossain,36.09,-,,B Geeves,-
Azhar Mahmood,76.5,14.21,,B Kumar,14.21
Azhar Saeed,31.28,-,,B Laughlin,-
Azmat Rana,57.53,17.81,,B Lee,17.81
B Arun,65.62,-,,B Mavuta,-
B Bhandari,45.45,2,,B Muzarabani,2
B Geeves,90.9,-,,B Reddy,-
B Kumar,74.82,-,,B Regmi,-
B Laughlin,11.11,-,,B Stanlake,-
B Lee,83.58,15,,B Warnapura,15
B Mavuta,110.63,31.4,,B Wood,31.4
B Muzarabani,17.97,-,,B Yardley,-
B Reddy,55,-,,B Yograj Singh,-
B Regmi,27.65,23.84,,B Zuiderent,23.84
B Shikongo,-,30.74,,BA Edgar,30.74
B Stanlake,14.28,-,,BA King,-
B Warnapura,43.37,8,,BA Murphy,8
B Wood,48.53,-,,BA Parchment,-
B Yardley,59.18,3.76,,BA Reid,3.76
B Yograj Singh,8.33,40.63,,BA Stokes,40.63
B Zuiderent,58.56,-,,BA Westdijk,-
BA Edgar,49.22,13.5,,BA Williams,13.5
BA King,67.36,24.52,,BA Young,24.52
BA Murphy,55.38,54.17,,Babar Azam,54.17
BA Parchment,56.22,39.2,,Babar Hayat,39.2
BA Reid,41.88,-,,Basil Hameed,-
BA Stokes,93.94,34.18,,Basit Ali,34.18
BA Westdijk,16.66,8.17,,BAW Mendis,8.17
BA Williams,58.69,-,,Bazid Khan,-
BA Young,61.03,13.63,,BB Chari,13.63
Babar Azam,87.08,30.41,,BB McCullum,30.41
Babar Hayat,78.47,-,,BB Seebaran,-
Basil Hameed,70.37,40.02,,BC Broad,40.02
Basit Ali,75.79,20.6,,BC Hollioake,20.6
BAW Mendis,71.48,40.48,,BC Lara,40.48
Bazid Khan,56.46,-,,BC Rose,-
BB Chari,45.18,5.11,,BC Strang,5.11
BB McCullum,96.37,-,,BCJ Cutting,-
BB Seebaran,30.76,14.33,,BD Julien,14.33
BB Sran,-,56.33,,BE Congdon,56.33
BC Broad,55.61,-,,BE Hendricks,-
BC Hollioake,81.1,-,,BE Young,-
BC Lara,79.51,18.87,,BF Hastings,18.87
BC Rose,47.14,-,,BFW de Leede,-
BC Strang,41.81,-,,BG Hadlee,-
BCJ Cutting,79.1,31.86,,BG Rogers,31.86
BD Glover,-,15.66,,BGK Walker,15.66
BD Julien,58.1,-,,Bhupinder Singh snr,-
BE Congdon,71.61,-,,Bilal Asif,-
BE Hendricks,25,-,,Bilal Khan,-
BE Young,65.95,-,,Bilawal Bhatti,-
BF Hastings,55.71,-,,BJ Diamanti,-
BFW de Leede,42.66,31.53,,BJ Haddin,31.53
BG Hadlee,27.95,30.26,,BJ Hodge,30.26
BG Rogers,69.37,7.85,,BJ McCarthy,7.85
BGK Walker,59.49,13.5,,BJ McKechnie,13.5
Bhupinder Singh snr,46.15,16.36,,BJ Patel,16.36
Bilal Asif,81.63,24.91,,BJ Watling,24.91
Bilal Khan,12.5,29.01,,BKG Mendis,29.01
Bilawal Bhatti,118.66,6.9,,BKV Prasad,6.9
BJ Diamanti,118.18,16.72,,BL Cairns,16.72
BJ Haddin,84.24,-,,BL D'Oliveira,-
BJ Hodge,87.51,-,,BL Kotze,-
BJ McCarthy,59.91,-,,BM Duckett,-
BJ McKechnie,37.24,29.7,,BM Laird,29.7
BJ Patel,48.91,-,,BM Mauricette,-
BJ Watling,68.37,23.36,,BM McMillan,23.36
BKG Mendis,83.35,-,,BM Scholtz,-
BKV Prasad,60.21,-,,BM Wheeler,-
BL Cairns,104.88,18.7,,BMAJ Mendis,18.7
BL D'Oliveira,69.76,-,,BMW Patterson,-
BL Kotze,52.94,-,,BN Cooper,-
BM Duckett,80.92,6.8,,BN French,6.8
BM Laird,53.75,-,,BO van Rooi,-
BM Mauricette,29.41,-,,BOP Fernando,-
BM McMillan,73.32,-,,BP Bracewell,-
BM Scholtz,28.12,13.17,,BP Julian,13.17
BM Wheeler,123.4,-,,BP Kruger,-
BMAJ Mendis,82.7,-,,BP Loots,-
BMW Patterson,23.25,-,,BP Nash,-
BN Cooper,92.93,-,,BP Patel,-
BN French,47.88,8.8,,BP Patterson,8.8
BN Schultz,-,14.5,,BR Blair,14.5
BO van Rooi,68.42,-,,BR Dorey,-
BOP Fernando,63.05,20.73,,BR Hartland,20.73
BP Bracewell,0,-,,BR Taylor,-
BP Julian,89.6,35.55,,BRM Taylor,35.55
BP Kruger,64,-,,BS Bedi,-
BP Loots,59.25,-,,BS Browne,-
BP Nash,73.75,-,,BS Chandrasekhar,-
BP Patel,60.9,12.75,,BS Sandhu,12.75
BP Patterson,43.56,-,,BT Foakes,-
BR Blair,68.77,4,,BTJ Wheal,4
BR Dorey,25,7.81,,BV Vitori,7.81
BR Hartland,49.91,9.66,,BW Hilfenhaus,9.66
BR Taylor,52.38,-,,BW Luckhurst,-
BRM Taylor,76.22,12.66,,C Carter,12.66
BS Bedi,44.28,27.52,,C de Grandhomme,27.52
BS Browne,33.33,-,,C Hemraj,-
BS Chandrasekhar,84.61,-,,C Jonker,-
BS Sandhu,52.57,30.11,,C Kieswetter,30.11
BT Foakes,80.26,-,,C McAuslan,-
BTJ Wheal,51.61,24.92,,C Munro,24.92
BV Vitori,95.55,8.77,,C Pringle,8.77
BW Hilfenhaus,42.02,24,,C Sharma,24
BW Luckhurst,21.73,-,,C Viljoen,-
C Carter,61.29,15.77,,C White,15.77
C de Grandhomme,107.28,-,,C Zhuwao,-
C Hemraj,83.67,24.89,,CA Best,24.89
C Jonker,93.93,32.42,,CA Ingram,32.42
C Kieswetter,89.93,-,,CA Lynn,-
C McAuslan,48.61,-,,CA Marshall,-
C Munro,104.69,-,,CA Pujara,-
C Overton,-,-,,CA Reid,-
C Pringle,75.39,17.66,,CA Soper,17.66
C Sharma,90.47,6.97,,CA Walsh,6.97
C Viljoen,82.6,5,,CA Young,5
C White,61.2,-,,CAH Stevenson,-
C Zhuwao,116.66,-,,CAK Rajitha,-
CA Best,68.55,-,,CAK Walton,-
CA Ingram,82.32,33.91,,CB Lambert,33.91
CA Lynn,84.26,2.4,,CB Mpofu,2.4
CA Marshall,24.39,3.2,,CB Sole,3.2
CA Pujara,39.23,23.22,,CB Wishart,23.22
CA Reid,47.05,5.66,,CBRLS Kumara,5.66
CA Soper,53.42,-,,CC Henry,-
CA Walsh,71.17,14.38,,CC Lewis,14.38
CA Young,67.44,5.77,,CD Collymore,5.77
CAH Stevenson,86.36,13.41,,CD Cumming,13.41
CAK Rajitha,0,20.5,,CD de Lange,20.5
CAK Walton,61.62,28.18,,CD McMillan,28.18
CB Lambert,75.37,20.95,,CD Wallace,20.95
CB Mpofu,23.76,-,,CE Bulfin,-
CB Sole,44.44,4.42,,CE Cuffy,4.42
CB Wishart,70.56,-,,CE Eksteen,-
CBRLS Kumara,37.77,-,,CEB Rice,-
CC Henry,42.85,9,,CEH Croft,9
CC Lewis,81.48,10.65,,CEL Ambrose,10.65
CD Collymore,39.84,-,,CEL Stuart,-
CD Cumming,53.48,-,,CEW Silverwood,-
CD de Lange,61.5,45.03,,CG Greenidge,45.03
CD McMillan,75.94,2.83,,CG Rackemann,2.83
CD Wallace,91.46,-,,CG Williams,-
CE Bulfin,112.5,37.83,,CH Gayle,37.83
CE Cuffy,49.6,39.54,,CH Lloyd,39.54
CE Eksteen,24,-,,CH Lonsdale,-
CEB Rice,70.27,20.3,,CH Morris,20.3
CEH Croft,47.36,22.14,,Chirag Suri,22.14
CEL Ambrose,64.87,-,,CI Dunusinghe,-
CEL Stuart,23.07,-,,CJ Adams,-
CEW Silverwood,50,27.72,,CJ Anderson,27.72
CG Greenidge,64.92,23.65,,CJ Chibhabha,23.65
CG Rackemann,44.15,-,,CJ Dala,-
CG Williams,82.4,-,,CJ Drum,-
CH Gayle,87.19,41.43,,CJ Ferguson,41.43
CH Lloyd,81.22,12.07,,CJ Jordan,12.07
CH Lonsdale,14.28,7.08,,CJ McDermott,7.08
CH Morris,100.43,9.04,,CJ McKay,9.04
Chirag Suri,55.9,20.33,,CJ Nevin,20.33
CI Dunusinghe,100,11.84,,CJ Richards,11.84
CJ Adams,49.3,16,,CJ Smith,16
CJ Anderson,108.72,27.69,,CJ Tavare,27.69
CJ Chibhabha,63.13,21.14,,CJA Amini,21.14
CJ Dala,133.33,-,,CJD Chappell,-
CJ Drum,40.9,19.63,,CJO Smith,19.63
CJ Ferguson,85.32,-,,CJPG van Zyl,-
CJ Jordan,89.89,24.44,,CK Coventry,24.44
CJ McDermott,87.8,-,,CK Hooper,-
CJ McKay,56.37,21.09,,CK Kapugedera,21.09
CJ Nevin,73.2,-,,CK Kruger,-
CJ Richards,58.33,6.63,,CK Langeveldt,6.63
CJ Smith,78.36,-,,CKB Kulasekara,-
CJ Tavare,48.94,29.46,,CL Cairns,29.46
CJA Amini,68.83,35.34,,CL Hooper,35.34
CJD Chappell,26.57,23.33,,CL King,23.33
CJO Smith,67.5,-,,CL Smith,-
CJPG van Zyl,27.27,33.96,,CL White,33.96
CK Coventry,88.68,15.77,,CM Kuggeleijn,15.77
CK Hooper,81.66,18.77,,CM Old,18.77
CK Kapugedera,72.04,18.72,,CM Spearman,18.72
CK Kruger,15,-,,CM Wells,-
CK Langeveldt,58.87,-,,CM Willoughby,-
CKB Kulasekara,52.77,16,,CM Wright,16
CL Cairns,84.26,17.64,,CMW Read,17.64
CL Hooper,76.63,18.19,,CN Evans,18.19
CL King,104.86,17.29,,CO Browne,17.29
CL Smith,45.41,25.55,,CO Obuya,25.55
CL White,80.12,-,,CP Rizwan,-
CM Kuggeleijn,63.67,-,,CP Senanayake,-
CM Old,84.28,-,,CP Tremain,-
CM Spearman,77.87,10,,CPH Ramanayake,10
CM Tuckett,-,-,,CPS Chauhan,-
CM Wells,50,-,,CR Amini,-
CM Willoughby,0,16.44,,CR Brathwaite,16.44
CM Wright,68.37,32.54,,CR Ervine,32.54
CMW Read,73.17,-,,CR Foggo,-
CN Evans,75.94,10.84,,CR Matthews,10.84
CO Browne,70.33,24.7,,CR Woakes,24.7
CO Obuya,68.56,9.19,,CRD Fernando,9.19
CP Rizwan,51.28,-,,CRM Douglas,-
CP Senanayake,59.71,20.08,,CS Baugh,20.08
CP Tremain,62.16,-,,CS Cowdrey,-
CPH Ramanayake,56.14,37.5,,CS MacLeod,37.5
CPS Chauhan,50.83,1.6,,CS Martin,1.6
CR Amini,100,20.71,,CS Pandit,20.71
CR Brathwaite,91.04,-,,CS Serjeant,-
CR Ervine,75.48,-,,CT Mumba,-
CR Foggo,60.91,12.44,,CT Mutombodzi,12.44
CR Matthews,69.8,-,,CT Radley,-
CR Woakes,90.12,7.14,,CT Tremlett,7.14
CRD Fernando,60.96,31.4,,CWJ Athey,31.4
CRM Douglas,55.96,29,,CZ Harris,29
CS Baugh,67.03,-,,D Bau,-
CS Cowdrey,110.86,10.93,,D Bishoo,10.93
CS MacLeod,82.92,-,,D Brown,-
CS Martin,29.62,-,,D Daesrath,-
CS Pandit,72.5,-,,D Dasgupta,-
CS Serjeant,46.2,-,,D Elgar,-
CT Mumba,42.85,-,,D Gamage,-
CT Mutombodzi,70,-,,D Ganesh,-
CT Radley,68.11,25.54,,D Ganga,25.54
CT Tremlett,56.17,12.42,,D Gough,12.42
CW Henderson,-,-,,D Joseph,-
CWJ Athey,56.72,-,,D Keulder,-
CZ Harris,66.51,15.77,,D Langford-Smith,15.77
D Bau,53.29,-,,D Lloyd,-
D Bishoo,62.35,-,,D Mohammed,-
D Brown,50,27.95,,D Mongia,27.95
D Daesrath,69.34,-,,D Murphy,-
D Dasgupta,62.19,15,,D Pretorius,15
D Elgar,58.75,25,,D Ramdin,25
D Gamage,30,-,,D Ramnarine,-
D Ganesh,50,-,,D Ranatunga,-
D Ganga,59.61,-,,D Ravu,-
D Gough,64.3,-,,D Soraine,-
D Joseph,54.16,-,,D Wiese,-
D Keulder,60,9.18,,D Williams,9.18
D Langford-Smith,106.76,28.46,,DA Gunawardene,28.46
D Lloyd,54.18,18.16,,DA Marillier,18.16
D Mohammed,0,38.7,,DA Miller,38.7
D Mongia,71.47,26.55,,DA Minors,26.55
D Murphy,49.15,-,,DA Murray,-
D Olivier,-,24.25,,DA Reeve,24.25
D Paterson,-,-,,DA Stirling,-
D Pretorius,93.1,45.77,,DA Warner,45.77
D Ramdin,80.35,-,,DAG Fletcher,-
D Ramnarine,38.46,15.8,,DAJ Bracewell,15.8
D Ranatunga,31.41,6,,Danish Kaneria,6
D Ravu,63.29,27.38,,DAS Gunaratne,27.38
D Soraine,70,-,,DAW Hollis,-
D Wiese,88.69,17.68,,Dawlat Zadran,17.68
D Williams,60.74,-,,DB Close,-
DA Gunawardene,71.49,-,,DB Kotze,-
DA Marillier,70.81,-,,DB Rundle,-
DA Miller,100.13,34.73,,DB Vengsarkar,34.73
DA Minors,60.42,5.36,,DBL Powell,5.36
DA Murray,32.14,37.04,,DC Boon,37.04
DA Reeve,74.8,14,,DC Thomas,14
DA Stirling,53.84,14,,DCC Borden,14
DA Warner,95.94,20.61,,DD Ebrahim,20.61
DAG Fletcher,66.08,-,,DDP D'Silva,-
DAJ Bracewell,73.83,14.1,,DE Bernard,14.1
Danish Kaneria,54.54,8.33,,DE Bollinger,8.33
DAS Gunaratne,79.41,-,,DE Budge,-
DAW Hollis,57.69,-,,DE Malcolm,-
Dawlat Ahmadzai,-,-,,DES Maxwell,-
Dawlat Zadran,77.25,28.64,,DF Watts,28.64
DB Close,98,-,,DF Whatmore,-
DB Kotze,60.74,25.78,,DG Brownlie,25.78
DB Rundle,54.54,10,,DG Cork,10
DB Vengsarkar,67.73,8.35,,DH Brain,8.35
DBL Powell,71.95,14,,Dhiman Ghosh,14
DC Boon,65.13,-,,DI Allan,-
DC Thomas,65.38,30.77,,DI Gower,30.77
DCC Borden,50.25,-,,DI Joyce,-
DD Ebrahim,56.81,25.36,,DJ Bravo,25.36
DDP D'Silva,44.53,25.94,,DJ Callaghan,25.94
DE Bernard,64.38,19.23,,DJ Capel,19.23
DE Bollinger,92.59,-,,DJ Cullen,-
DE Budge,88.57,32.99,,DJ Cullinan,32.99
DE Malcolm,81.81,-,,DJ Gandhi,-
DES Maxwell,69.74,32.65,,DJ Hussey,32.65
DF Watts,62.47,-,,DJ Malan,-
DF Whatmore,33.33,-,,DJ Murray,-
DG Brownlie,74.27,15.6,,DJ Nash,15.6
DG Cork,66.42,-,,DJ Pringle,-
DH Brain,68.42,25.31,,DJ Reekers,25.31
Dhiman Ghosh,62.68,19.72,,DJ Richardson,19.72
DI Allan,46.4,-,,DJ ter Braak,-
DI Gower,75.15,-,,DJ Terbrugge,-
DI Joyce,51.78,-,,DJ White,-
DJ Bravo,82.3,18.6,,DJ Willey,18.6
DJ Callaghan,67.9,-,,DJ Worrall,-
DJ Capel,68.26,24.94,,DJG Sammy,24.94
DJ Colley,-,-,,DJM Short,-
DJ Cullen,66.66,-,,DK Butler,-
DJ Cullinan,70.28,9.23,,DK Lillee,9.23
DJ Gandhi,50.51,16,,DK Liyanage,16
DJ Hussey,90.7,9,,DK Morrison,9
DJ Malan,80,47.72,,DL Amiss,47.72
DJ Murray,17.64,14.71,,DL Bairstow,14.71
DJ Nash,66.38,-,,DL Blake,-
DJ Pringle,33.33,-,,DL Chahar,-
DJ Reekers,117.03,41.37,,DL Haynes,41.37
DJ Richardson,66.87,33.73,,DL Hemp,33.73
DJ ter Braak,42.55,26.37,,DL Houghton,26.37
DJ Terbrugge,35.71,-,,DL Maddy,-
DJ White,38.14,24.5,,DL Murray,24.5
DJ Willey,82.3,5.88,,DL Underwood,5.88
DJ Worrall,150,17.33,,DL Vettori,17.33
DJG Sammy,100.05,-,,DLS de Silva,-
DJM Short,83.83,21.1,,DLS van Bunge,21.1
DK Butler,73.52,-,,DM Basden,-
DK Lillee,75,17.94,,DM Benkenstein,17.94
DK Liyanage,69.56,30.85,,DM Bravo,30.85
DK Morrison,42.75,25.43,,DM de Silva,25.43
DL Amiss,72.48,-,,DM Gondaria,-
DL Bairstow,52.82,44.61,,DM Jones,44.61
DL Blake,0,-,,DM Richards,-
DL Chahar,81.81,-,,DM Smith,-
DL Haynes,63.09,-,,DM Vonhagt,-
DL Hemp,70.28,25.26,,DM Wellham,25.26
DL Houghton,70.99,22.84,,DN Chudasama,22.84
DL Maddy,54.85,14.8,,DN Crookes,14.8
DL Murray,62.82,11.75,,DN Patel,11.75
DL Underwood,39.84,13.19,,DNT Zoysa,13.19
DL Vettori,82.98,19.35,,DO Obuya,19.35
DLS de Silva,28.57,-,,Dolar Mahmud,-
DLS van Bunge,66.42,-,,DP Hyatt,-
DM Basden,30.76,-,,DP Nannes,-
DM Benkenstein,65.87,-,,DP Samaraweera,-
DM Bravo,70.18,14.22,,DP Viljoen,14.22
DM de Silva,75.86,33.37,,DPMD Jayawardene,33.37
DM Gondaria,15.55,17.72,,DR Brown,17.72
DM Jones,72.56,20.89,,DR Chumney,20.89
DM Richards,71.31,3,,DR Doshi,3
DM Smith,37.5,15.2,,DR Flynn,15.2
DM Vonhagt,47.05,7.8,,DR Gilbert,7.8
DM Wellham,54.22,8,,DR Hadlee,8
DN Chudasama,63.35,24.22,,DR Lockhart,24.22
DN Crookes,71.84,40.8,,DR Martyn,40.8
DN Patel,71.77,-,,DR O'Sullivan,-
DNT Zoysa,95.81,-,,DR Parry,-
DO Obuya,63.46,23.61,,DR Pringle,23.61
Dolar Mahmud,138.63,-,,DR Ramsammy,-
DP Hyatt,59.57,18.57,,DR Smith,18.57
DP Nannes,50,9.51,,DR Tuffey,9.51
DP Samaraweera,53.84,-,,DS Airee,-
DP Viljoen,61.91,19.52,,DS de Silva,19.52
DPMD Jayawardene,78.96,-,,DS Kulkarni,-
DR Briggs,-,38.96,,DS Lehmann,38.96
DR Brown,66.32,5.6,,DS Mohanty,5.6
DR Chumney,66.72,24.62,,DS Smith,24.62
DR Doshi,45,-,,DS Steele,-
DR Flynn,63.33,-,,DS Weerakkody,-
DR Gilbert,38.23,-,,DS Wesonga,-
DR Hadlee,47.05,20.03,,DSBP Kuruppu,20.03
DR Lockhart,63.92,-,,DSK Madushanka,-
DR Martyn,77.73,21,,DT Christian,21
DR O'Sullivan,40,7.47,,DT Hondo,7.47
DR Parry,79.22,19.55,,DT Johnston,19.55
DR Pringle,68.99,-,,DT Mutendera,-
DR Ramsammy,0,16.93,,DT Tiripano,16.93
DR Smith,92.69,11.69,,DW Fleming,11.69
DR Tuffey,79.3,11,,DW Headley,11
DS Airee,68.35,24.29,,DW Hookes,24.29
DS de Silva,53.69,26.67,,DW Randall,26.67
DS Kulkarni,96.42,9.35,,DW Steyn,9.35
DS Lehmann,81.34,-,,DWO Morgan,-
DS Mohanty,49.12,25.23,,E Chigumbura,25.23
DS Smith,70.31,-,,E Katchay,-
DS Steele,66.66,32.6,,E Lewis,32.6
DS Weerakkody,110.6,4.9,,E Otieno,4.9
DS Wesonga,56.48,10.06,,E Schiferli,10.06
DSBP Kuruppu,51.66,13.03,,EA Brandes,13.03
DSK Madushanka,116.66,-,,EA Essop-Adam,-
DT Christian,88.92,-,,EA Moseley,-
DT Hondo,51,15.33,,EAE Baptiste,15.33
DT Johnston,94.64,9.85,,EAR de Silva,9.85
DT Mutendera,46.51,8.11,,EB McSweeney,8.11
DT Tiripano,57.9,38,,EC Joyce,38
DV Lawrence,-,5.5,,EC Rainsford,5.5
DW Fleming,68.77,-,,ED Solkar,-
DW Headley,44.89,5,,EE Hemmings,5
DW Hookes,72.07,-,,EH Hutchinson,-
DW Randall,62.69,-,,EH Mattis,-
DW Steyn,64.94,-,,Ehsan Adil,-
DWO Morgan,18.18,11.33,,Ehsan Khan,11.33
E Chigumbura,80.02,5,,Ehsan Nawaz,5
E Katchay,56.09,-,,Ehsanul Haque,-
E Lewis,83.89,-,,EHSN Silva,-
E Otieno,36.02,10.72,,EJ Chatfield,10.72
E Schiferli,73.85,-,,EJ Gray,-
EA Brandes,90.17,-,,EJ Richardson,-
EA Essop-Adam,93.33,39.71,,EJG Morgan,39.71
EA Moseley,46.66,-,,EL Gouka,-
EAE Baptiste,76.34,-,,Elias Sunny,-
EAR de Silva,57.26,-,,ELR Stewart,-
EB McSweeney,61.34,-,,EMDY Munaweera,-
EB Ringera,-,11.23,,Enamul Haque,11.23
EC Joyce,72.23,-,,Enamul Haque jnr,-
EC Rainsford,41.04,-,,EO Odumbe,-
ED Solkar,34.17,15.5,,EO Simons,15.5
EE Hemmings,49.18,-,,ER Fernando,-
EH Hutchinson,144.89,-,,ERNS Fernando,-
EH Mattis,45.26,29.78,,ES Szwarczynski,29.78
Ehsan Adil,64.28,-,,EZ Matambanadzo,-
Ehsan Khan,44.73,30.68,,F Behardien,30.68
Ehsan Nawaz,34.48,47.47,,F du Plessis,47.47
Ehsanul Haque,44.18,-,,F Kasteni,-
EHSN Silva,53.84,31,,F Mutizwa,31
EJ Chatfield,34.1,12.71,,FA Allen,12.71
EJ Gray,42.6,-,,FA Dennis,-
EJ Richardson,66.66,12.05,,FA Rose,12.05
eJG Morgan,93.39,-,,Fahad Alhashmi,-
EJG Morgan,91.24,-,,Fahad Nawaz,-
EL Gouka,52.77,-,,Fahad Usman,-
Elias Sunny,18.18,12.46,,Faheem Ashraf,12.46
ELR Stewart,52.58,-,,Fahim Muntasir,-
EMDY Munaweera,51.72,-,,Faisal Athar,-
Enamul Haque,49.26,-,,Faisal Hossain,-
Enamul Haque jnr,63.15,22.42,,Faisal Iqbal,22.42
EO Odumbe,40.66,46.61,,Fakhar Zaman,46.61
EO Simons,73.55,-,,Fareed Ahmad,-
EP Thompson,-,16.48,,Farhad Reza,16.48
ER Fernando,71.21,-,,Faruk Ahmed,-
ERNS Fernando,46.75,-,,Fawad Ahmed,-
ES Szwarczynski,68.23,40.25,,Fawad Alam,40.25
EZ Matambanadzo,24.24,-,,Fayyaz Ahmed,-
F Behardien,97.9,-,,Fayyaz Butt,-
F du Plessis,88.6,-,,Fazl-e-Akbar,-
F Jansen,-,-,,Fazle Mahmud,-
F Kasteni,42.85,-,,FC Hayes,-
F Mutizwa,80.27,26.63,,FDM Karunaratne,26.63
FA Allen,88.11,9.12,,FH Edwards,9.12
FA Dennis,27.48,-,,FJ Klaassen,-
FA Rose,81.88,-,,FJ Titmus,-
Fahad Alhashmi,0,-,,FL Reifer,-
Fahad Nawaz,20,-,,FM Engineer,-
Fahad Usman,50,-,,FN Otieno,-
Faheem Ashraf,83.07,-,,Frasat Ali,-
Fahim Muntasir,35.29,15.07,,FRJ Coleman,15.07
Faisal Athar,23.68,-,,FS Ahangama,-
Faisal Hossain,47.25,-,,FS Crockwell,-
Faisal Iqbal,60.5,-,,FY Fazal,-
Fakhar Zaman,95.23,-,,G Blakeney,-
Fareed Ahmad,16.66,36.06,,G Boycott,36.06
Farhad Reza,64.77,-,,G Chapple,-
Faruk Ahmed,38.46,-,,G Cook,-
Fawad Ahmed,200,11.66,,G Dymock,11.66
Fawad Alam,74.47,31,,G Fowler,31
Fayyaz Ahmed,47,39.68,,G Gambhir,39.68
Fayyaz Butt,78.57,10,,G Goudie,10
Fazl-e-Akbar,87.5,40.95,,G Kirsten,40.95
Fazle Mahmud,0,-,,G Malla,-
FC Hayes,54.46,8.5,,G Miller,8.5
FDM Karunaratne,73.15,-,,G Mylvaganam,-
FH Edwards,45.62,-,,G Onions,-
FJ Klaassen,57.69,-,,G Salmond,-
FJ Titmus,34.37,5.5,,G Sharma,5.5
FL Reifer,51.09,-,,G Snyman,-
FM Engineer,58.46,-,,G Toka,-
FN Otieno,23.52,-,,GA Bishop,-
Frasat Ali,32.38,-,,GA Briant,-
FRJ Coleman,61.33,-,,GA Cope,-
FRMD Gunatilleke,-,36.98,,GA Gooch,36.98
FS Ahangama,-,37.33,,GA Hick,37.33
FS Crockwell,65.38,17.9,,GA Lamb,17.9
FY Fazal,90.16,-,,GA Manou,-
G Blakeney,104.34,-,,GA Paterson,-
G Boycott,53.56,16.2,,GA Rogers,16.2
G Chapple,200,-,,GAHM Parkar,-
G Cook,40.61,-,,Gazi Ashraf,-
G Dymock,42.68,12,,GB Brent,12
G Fowler,56.32,20.25,,GB Hogg,20.25
G Gambhir,85.25,-,,GB Murgatroyd,-
G Goudie,80.8,-,,GB Stevenson,-
G Kirsten,72.04,25.25,,GB Troup,25.25
G Malla,75.66,15.81,,GC Dyer,15.81
G Miller,51.32,-,,GC Martin,-
G Mylvaganam,39.13,6.53,,GC Small,6.53
G Onions,50,37.98,,GC Smith,37.98
G Salmond,52.29,-,,GC Tonge,-
G Sharma,45.83,23.81,,GC Wilson,23.81
G Snyman,55.55,-,,GD Barlow,-
G Toka,54.21,3,,GD Campbell,3
GA Bishop,29.54,18.46,,GD Drummond,18.46
GA Briant,56.52,34.06,,GD Elliott,34.06
GA Cope,100,-,,GD Lloyd,-
GA Gooch,61.88,3.83,,GD McGrath,3.83
GA Hick,74.08,-,,GD Porter,-
GA Lamb,51.7,-,,GD Watson,-
GA Manou,116.66,8.57,,GE Bradburn,8.57
GA Paterson,37.61,-,,GE Kidd,-
GA Rogers,47.92,-,,GE Peckover,-
GAHM Parkar,49.69,-,,GE Vivian,-
Gazi Ashraf,24.68,20.68,,GEF Barnett,20.68
GB Brent,58.45,8.58,,GF Labrooy,8.58
GB Hogg,78.68,11.11,,GF Lawson,11.11
GB Murgatroyd,62.06,-,,GFJ Liebenberg,-
GB Stevenson,76.78,16,,GG Arnold,16
GB Troup,72.14,-,,GH Bodi,-
GC Dyer,76.65,16.54,,GH Dockrell,16.54
GC Martin,47.69,-,,GH O'Brien,-
GC Small,52.12,-,,GH Worker,-
GC Smith,80.81,-,,Gholam Nousher,-
GC Tonge,62.5,-,,Ghulam Ali,-
GC Wilson,71.94,21.73,,Ghulam Shabber,21.73
GD Barlow,58.43,3.4,,GI Allott,3.4
GD Campbell,31.57,-,,GI Maiden,-
GD Drummond,91.6,40.58,,GJ Bailey,40.58
GD Elliott,81.78,-,,GJ Batty,-
GD Lloyd,48.75,-,,GJ Cosier,-
GD McGrath,48.72,-,,GJ Crocker,-
GD McKenzie,-,-,,GJ Gilmour,-
GD Porter,33.33,14.75,,GJ Hopkins,14.75
GD Watson,68.75,32.32,,GJ Maxwell,32.32
GE Bradburn,46.15,-,,GJ McCarter,-
GE Kidd,60,19.9,,GJ Rennie,19.9
GE Peckover,61.11,-,,GJ Thompson,-
GE Vivian,46.66,22.54,,GJ Whittall,22.54
GEF Barnett,61.07,-,,GJAF Aponso,-
GF Labrooy,71.14,-,,GJP Kruger,-
GF Lawson,75.6,-,,GK Bose,-
GFJ Liebenberg,47.23,-,,GK Bruk-Jackson,-
GG Arnold,64,-,,GK Khoda,-
GH Bodi,62.87,-,,GK Pandey,-
GH Dockrell,69.34,-,,GK Robertson,-
GH O'Brien,70.37,-,,GM Ewing,-
GH Worker,71.76,35.17,,GM Hamilton,35.17
Gholam Nousher,50,27.4,,GM Ritchie,27.4
Ghulam Ali,43.8,14.7,,GM Strydom,14.7
Ghulam Shabber,62.5,47,,GM Turner,47
GI Allott,30.35,33.62,,GM Wood,33.62
GI Maiden,63.15,-,,GMC Mol,-
GJ Bailey,83.51,-,,GN de Silva,-
GJ Batty,41.09,-,,GN Edwards,-
GJ Cosier,92.77,39.19,,GN Yallop,39.19
GJ Crocker,93.33,24.62,,GO Jones,24.62
GJ Delany,64.7,-,,Golam Faruq,-
GJ Gilmour,107.69,23.06,,GP Howarth,23.06
GJ Hopkins,75.88,-,,GP Sulzberger,-
GJ Maxwell,123.37,13.88,,GP Swann,13.88
GJ McCarter,100,37.18,,GP Thorpe,37.18
GJ Rennie,66.48,8.6,,GP Wickramasinghe,8.6
GJ Thompson,9.52,-,,GR Beard,-
GJ Whittall,67.43,19.58,,GR Codrington,19.58
GJAF Aponso,48.58,11.4,,GR Dilley,11.4
GJP Kruger,0,14.62,,GR Larsen,14.62
GK Bose,72.22,39.97,,GR Marsh,39.97
GK Bruk-Jackson,36.36,15,,GR Robertson,15
GK Khoda,62.16,-,,GR Sealy,-
GK Pandey,36.36,19.95,,GR Viswanath,19.95
GK Robertson,102.08,-,,GRA de Silva,-
GM Ewing,70.8,16.72,,GRJ Matthews,16.72
GM Hamilton,66.64,-,,GRJ Roope,-
GM Ritchie,64.84,21.21,,GS Ballance,21.21
GM Strydom,65.33,20.4,,GS Blewett,20.4
GM Turner,68.05,40.18,,GS Chappell,40.18
GM Wood,59.57,-,,GS Sobers,-
GMC Mol,46.29,-,,GS Trimble,-
GN de Silva,50,21.66,,GSNFG Jayasuriya,21.66
GN Edwards,72.25,21.68,,Gulbadin Naib,21.68
GN Yallop,63.89,-,,Gurdeep Singh,-
GO Jones,77.17,-,,Gurkeerat Singh,-
Golam Faruq,42.3,-,,Gursharan Singh,-
GP Howarth,60.14,-,,GW Aldridge,-
GP Sulzberger,60,33.52,,GW Flower,33.52
GP Swann,90.41,-,,GW Humpage,-
GP Thorpe,71.17,-,,H Davids,-
GP Wickramasinghe,63.35,-,,H Durham,-
GR Beard,-,-,,H Hiri,-
GR Codrington,63.17,22.81,,H Klaasen,22.81
GR Dilley,85.71,27.73,,H Masakadza,27.73
GR Larsen,64.84,-,,H McLeod,-
GR Marsh,55.93,4.26,,H Osinde,4.26
GR Robertson,81.81,21.27,,H Patel,21.27
GR Sealy,48.99,28.87,,HA Gomes,28.87
GR Viswanath,52.89,12,,HA Varaiya,12
GRA de Silva,27.27,-,,Haafiz Shahid,-
GRJ Matthews,67.94,21.68,,Habibul Bashar,21.68
GRJ Roope,50.58,-,,Hafizur Rahman,-
GS Ballance,67.04,-,,HAG Anthony,-
GS Blewett,61.97,6.68,,Hamid Hassan,6.68
GS Chappell,75.7,16,,Hammad Azam,16
GS Sandhu,-,-,,Hamza Tahir,-
GS Sobers,0,-,,Hamza Tariq,-
GS Trimble,80,19.15,,Hannan Sarkar,19.15
GSNFG Jayasuriya,71.42,-,,HAPW Jayawardene,-
GT Main,-,13.3,,Harbhajan Singh,13.3
Gulbadin Naib,73.1,-,,Harilal Shah,-
Gurdeep Singh,4.34,46.11,,Haris Sohail,46.11
Gurkeerat Singh,100,20.75,,Haroon Rasheed,20.75
Gursharan Singh,40,-,,Harunur Rashid,-
GW Aldridge,-,1.5,,Harvinder Singh,1.5
GW Flower,67.58,14,,Hasan Ali,14
GW Humpage,45.83,-,,Hasan Jamil,-
H Davids,33.33,18.61,,Hasan Raza,18.61
H Durham,33.33,-,,Haseeb Amjad,-
H Hiri,63.5,32.18,,Hashmatullah Shahidi,32.18
H Klaasen,86.25,8.6,,Hasibul Hossain,8.6
H Masakadza,73.21,-,,Hasti Gul,-
H McLeod,50,22.56,,Hazratullah Zazai,22.56
H Osinde,49.23,-,,HD Rutherford,-
H Patel,80.13,22.62,,HDPK Dharmasena,22.62
HA Gomes,54.88,34.71,,HDRL Thirimanne,34.71
HA Varaiya,51.53,73.77,,HE van der Dussen,73.77
Haafiz Shahid,47.82,-,,HF Gurney,-
Habibul Bashar,60.45,25.54,,HG Munsey,25.54
Hafizur Rahman,33.33,42.23,,HH Dippenaar,42.23
HAG Anthony,104.54,36.13,,HH Gibbs,36.13
Hamid Hassan,54.87,17.84,,HH Kanitkar,17.84
Hammad Azam,61.06,29.9,,HH Pandya,29.9
Hamza Tahir,0,28.29,,HH Streak,28.29
Hamza Tariq,73.88,-,,HJ Howarth,-
Hannan Sarkar,53.71,8.37,,HJC Mol,8.37
HAPW Jayawardene,61.36,27.43,,HJH Marshall,27.43
Harbhajan Singh,81.06,23.81,,HJW Gardiner,23.81
Harilal Shah,10.71,33.34,,HK Badani,33.34
Haris Sohail,85.17,5,,HK Bennett,5
Haroon Rasheed,52.53,7.3,,HK Olonga,7.3
Harunur Rashid,0,49.46,,HM Amla,49.46
Harvinder Singh,31.57,-,,HM Goonatilleke,-
Hasan Ali,113.36,33.93,,HM Nicholls,33.93
Hasan Jamil,92.5,12.3,,HMCM Bandara,12.3
Hasan Raza,50.41,9.33,,HMRKB Herath,9.33
Haseeb Amjad,131.76,-,,HN Ya France,-
Hashmatullah Shahidi,63.7,17.61,,HP Rinke,17.61
Hasibul Hossain,69.63,29.6,,HP Tillakaratne,29.6
Hasti Gul,209.09,7.16,,HR Bryan,7.16
Hazratullah Zazai,88.26,-,,HR Johnson,-
HD Rutherford,26.78,-,,HR Walsh,-
HDPK Dharmasena,65.03,14.66,,HS Baidwan,14.66
HDRL Thirimanne,72.27,-,,HS Dhillon,-
HE van der Dussen,81.87,23.59,,HS Modi,23.59
HF Gurney,45.45,-,,HS Williams,-
HG Munsey,76.77,-,,HSM Pieris,-
HH Dippenaar,67.78,6.5,,HT Davis,6.5
HH Gibbs,83.26,-,,Humayun Farhat,-
HH Kanitkar,66.21,-,,Hussain Talat,-
HH Pandya,115.57,-,,HWR Cartwright,-
HH Streak,73.42,-,,I Maraj,-
HJ Howarth,69.23,4.8,,I Sharma,4.8
HJC Mol,36.61,17.1,,I Udana,17.1
HJH Marshall,73.06,3.5,,I Wardlaw,3.5
HJW Gardiner,66.16,21,,IA Healy,21
HK Badani,73.47,-,,IA Karim,-
HK Bennett,28.57,-,,IA Nicolson,-
HK Olonga,58.28,-,,Ibrahim Zadran,-
HM Amla,88.39,-,,IC Davis,-
HM Goonatilleke,53.44,-,,ID Austin,-
HM Nicholls,82.41,14.92,,ID Blackwell,14.92
HMCM Bandara,71.42,-,,IDK Salisbury,-
HMRKB Herath,64.51,12.47,,IDR Bradshaw,12.47
HN Ya France,120,17.29,,IDS Smith,17.29
HP Rinke,83.86,-,,IE O'Brien,-
HP Tillakaratne,57.51,-,,Iftikhar Ahmed,-
HR Bryan,60.56,15.6,,Iftikhar Anjum,15.6
HR Johnson,45,10.5,,IG Butler,10.5
HR Walsh,74.03,-,,IG Holland,-
HS Baidwan,64.89,25.25,,IH Romaine,25.25
HS Dhillon,40,21.92,,Ihsanullah,21.92
HS Modi,58.18,12.91,,IJ Gould,12.91
HS Williams,72.72,17.87,,IJ Harvey,17.87
HSM Pieris,32.2,32.33,,Ijaz Ahmed,32.33
HT Davis,39.39,-,,Ijaz Ahmed jnr,-
Humayun Farhat,107.14,12.31,,Ijaz Faqih,12.31
Hussain Talat,14.28,51.25,,IJL Trott,51.25
HWR Cartwright,8.69,23.39,,IK Pathan,23.39
I Maraj,37.12,26,,Ikram Alikhil,26
I Sharma,35.46,-,,IL Philip,-
I Udana,94.47,-,,Ilyas Gull,-
I Wardlaw,52.5,48.07,,IM Chappell,48.07
IA Healy,83.84,-,,IM Stanger,-
IA Karim,75.86,41.39,,Imad Wasim,41.39
IA Nicolson,63.63,53.84,,Imam-ul-Haq,53.84
Ibrahim Zadran,22.22,-,,Imran Abbas,-
IC Davis,34.28,30.69,,Imran Farhat,30.69
ID Austin,69.38,8.28,,Imran Haider,8.28
ID Blackwell,86.66,33.41,,Imran Khan,33.41
IDK Salisbury,58.33,24.61,,Imran Nazir,24.61
IDR Bradshaw,59.79,7.85,,Imran Tahir,7.85
IDS Smith,99.43,32.02,,Imrul Kayes,32.02
IE O'Brien,27.27,-,,Imtiaz Abbasi,-
Iftikhar Ahmed,93.15,-,,Intikhab Alam,-
Iftikhar Anjum,61.9,39.52,,Inzamam-ul-Haq,39.52
IG Butler,54.54,18,,IP Butchart,18
IG Holland,82.6,-,,IPP Batuwitarachchi,-
IH Romaine,64.07,6.5,,Iqbal Qasim,6.5
Ihsanullah,69.77,-,,Iqbal Sikander,-
IJ Gould,63.78,37.87,,IR Bell,37.87
IJ Harvey,88.16,16.2,,IR Bishop,16.2
Ijaz Ahmed,80.3,-,,IR Redpath,-
Ijaz Ahmed jnr,150,-,,Irfan Ahmed,-
Ijaz Faqih,56.12,-,,Irfan Fazil,-
IJL Trott,77.06,-,,Irfan Sajid,-
IK Pathan,79.54,27.84,,IS Billcliff,27.84
Ikram Alikhil,60.62,-,,IS Gallage,-
IL Philip,22.47,6.09,,IS Sodhi,6.09
Ilyas Gull,28.81,-,,Ishtiaq Muhammad,-
IM Chappell,77,23.21,,IT Botham,23.21
IM Stanger,33.33,-,,IT Iqbal,-
Imad Wasim,109.67,-,,IT Shillingford,-
Imam-ul-Haq,80.47,47,,IVA Richards,47
Imran Abbas,46.03,-,,IW Callen,-
Imran Farhat,69.06,-,,Izatullah Dawlatzai,-
Imran Haider,42.64,-,,J Anderson,-
Imran Khan,72.65,-,,J Angel,-
Imran Nazir,81.01,9.38,,J Arun Lal,9.38
Imran Tahir,69.77,-,,J Blackwood,-
Imrul Kayes,71.1,19.03,,J Botha,19.03
Imtiaz Abbasi,31.57,-,,J Cameron-Dow,-
Intikhab Alam,37.77,26.72,,J Charles,26.72
Inzamam-ul-Haq,74.24,32.82,,J Dyson,32.82
IP Butchart,63.79,28,,J Edness,28
IPP Batuwitarachchi,29.16,-,,J Figy John,-
Iqbal Qasim,43.33,9.19,,J Garner,9.19
Iqbal Sikander,33.33,-,,J Kila,-
IR Bell,77.16,8.33,,J Lewis,8.33
IR Bishop,52.19,-,,J Louw,-
IR Redpath,68.65,22.7,,J Mubarak,22.7
Irfan Ahmed,79.2,-,,J Mulder,-
Irfan Bhatti,-,4.6,,J Nyumbu,4.6
Irfan Fazil,93.75,-,,J Patraj,-
Irfan Sajid,40,16.9,,J Smits,16.9
IS Billcliff,66.7,10.63,,J Srinath,10.63
IS Gallage,62.96,-,,J Theron,-
IS Sodhi,76.13,-,,J Yadav,-
Ishtiaq Muhammad,-,-,,JA Burns,-
IT Botham,79.1,-,,JA Jameson,-
IT Iqbal,32.69,-,,JA Maclean,-
IT Shillingford,78.94,-,,JA McCollum,-
IVA Richards,90.2,23.69,,JA Morkel,23.69
IW Callen,46.15,13.4,,JA Rennie,13.4
Izatullah Dawlatzai,25.92,13.6,,JA Richardson,13.6
J Anderson,56.55,35.57,,JA Rudolph,35.57
J Angel,0,-,,JA Samarasekera,-
J Arun Lal,52.58,-,,JA Snow,-
J Blackwood,47.82,-,,JAH Marshall,-
J Botha,85.77,-,,Jahangir Alam,-
J Cameron-Dow,70,-,,Jahangir Alam Talukdar,-
J Charles,83.8,-,,Jahangir Shah,-
J Dyson,48.61,22.5,,Jahurul Islam,22.5
J Edness,62.53,20.25,,Jai P Yadav,20.25
J Figy,75.34,-,,Jalal-ud-Din,-
J Garner,66.38,-,,Jamaluddin Ahmed,-
J Kila,85.71,14.94,,JAR Blain,14.94
J Lewis,79.36,-,,Jasdeep Singh,-
J Louw,328.57,-,,Jatinder Singh,-
J Mubarak,63.13,23.8,,Javed Ahmadi,23.8
J Mulder,136.36,41.7,,Javed Miandad,41.7
J Nagenda,-,23.85,,Javed Omar,23.85
J Nyumbu,51.68,-,,Javed Qadeer,-
J Patraj,43.75,-,,Jawahir Shah,-
J Smits,46.94,-,,JB Little,-
J Srinath,79.62,-,,JB Reva,-
J Theron,53.33,28.62,,JC Adams,28.62
J Yadav,100,3.25,,JC Archer,3.25
JA Burns,79.34,40.88,,JC Buttler,40.88
JA Jameson,37.97,-,,JC Gamage,-
JA Maclean,33.33,11.64,,JC Tredwell,11.64
JA McCollum,68.77,-,,JCB Vaughan,-
JA Morkel,100.25,-,,JD Campbell,-
JA Rennie,51.4,-,,JD Hall,-
JA Richardson,80.95,-,,JD Love,-
JA Rudolph,68.05,15.5,,JD Nel,15.5
JA Samarasekera,57.67,33.21,,JD Ryder,33.21
JA Snow,21.95,-,,JD Siddons,-
JAH Marshall,79.87,11.83,,JDF Vandersay,11.83
Jahangir Alam,18.18,24.09,,JDP Oram,24.09
Jahangir Alam Talukdar,43.75,31.17,,JDS Neesham,31.17
Jahangir Shah,25.8,-,,JE Benjamin,-
Jahurul Islam,72.77,-,,JE Brinkley,-
Jai P Yadav,65.85,14.31,,JE Emburey,14.31
Jalal-ud-Din,100,-,,JE Morris,-
Jamaluddin Ahmed,64.28,51.36,,JE Root,51.36
JAR Blain,54.93,8.42,,JE Taylor,8.42
Jasdeep Singh,28.2,23.96,,JEC Franklin,23.96
Jatinder Singh,55.25,-,,JF Kloppenburg,-
Javed Ahmadi,75.6,23.48,,JF Mooney,23.48
Javed Miandad,67.01,27.52,,JF Reid,27.52
Javed Omar,51.89,21,,JFM Morrison,21
Javed Qadeer,52.17,16.51,,JG Bracewell,16.51
Jawahir Shah,40.35,-,,JG Heron,-
Jay Odedra,-,-,,JG Thomas,-
JB Little,112.5,-,,JG Williamson,-
JB Reva,74.69,26.46,,JG Wright,26.46
JC Adams,60.98,22.59,,JH Davey,22.59
JC Archer,59.09,-,,JH Desai,-
JC Buttler,119.83,-,,JH Edrich,-
JC Gamage,88.88,-,,JH Hampshire,-
JC Kent,-,44.36,,JH Kallis,44.36
JC Tredwell,67.35,-,,JH Stander,-
JCB Vaughan,54.54,-,,JJ Atkinson,-
JD Campbell,115.88,3.8,,JJ Bumrah,3.8
JD Hall,37.33,-,,JJ Celestine,-
JD Love,61,25.72,,JJ Crowe,25.72
JD Nel,57.4,-,,JJ Dawood,-
JD Ryder,95.31,-,,JJ Esmeijer,-
JD Siddons,86.48,-,,JJ Krejza,-
JD Unadkat,-,-,,JJ Martin,-
JDF Vandersay,42.77,42.79,,JJ Roy,42.79
JDP Oram,86.61,-,,JJ Smit,-
JDS Neesham,98.96,19.84,,JJ Tucker,19.84
JE Benjamin,0,-,,JJ van der Wath,-
JE Brinkley,44.06,-,,JJ Whitaker,-
JE Emburey,75.45,6,,JJC Lawson,6
JE Morris,74.22,17.29,,JK Kamande,17.29
JE Root,87.37,8,,JK Lever,8
JE Taylor,86.06,-,,JK Moss,-
JEC Franklin,76.92,23.24,,JL Carter,23.24
JF Kloppenburg,62.26,26.63,,JL Denly,26.63
JF Mooney,79.25,-,,JL Langer,-
JF Reid,58.39,13.14,,JL Ontong,13.14
JFM Morrison,53.38,10.5,,JL Pattinson,10.5
JG Bracewell,71.4,7.58,,JM Anderson,7.58
JG Heron,30.67,47.68,,JM Bairstow,47.68
JG Thomas,14.28,24.28,,JM Brearley,24.28
JG Williamson,31.42,26.63,,JM Davison,26.63
JG Wright,57.18,29.05,,JM How,29.05
JH Davey,66.98,31.5,,JM Kemp,31.5
JH Desai,42.1,-,,JM Mennie,-
JH Edrich,68.61,12.4,,JM Parker,12.4
JH Hampshire,55.81,-,,JM Patel,-
JH Kallis,72.89,24.09,,JM Vince,24.09
JH Stander,58.66,-,,JM Wiener,-
JI de Villiers,0,-,,JN Frylinck,-
JJ Atkinson,62.81,12.56,,JN Gillespie,12.56
JJ Bumrah,44.18,7,,JN Maguire,7
JJ Celestine,44.44,23.95,,JN Mohammed,23.95
JJ Crowe,61.8,35.11,,JN Rhodes,35.11
JJ Dawood,131.57,-,,JN Snape,-
JJ Esmeijer,23.25,-,,JN Valentine,-
JJ Krejza,56.52,-,,JNK Shannon,-
JJ Martin,47.73,-,,JNT Vare,-
JJ Roy,107.4,3.83,,JO Angara,3.83
JJ Smit,64.86,25.68,,JO Holder,25.68
JJ Tucker,68.31,5,,JO Ngoche,5
JJ van der Wath,127.14,-,,JO Troughton,-
JJ Whitaker,73.84,-,,JOA Gordon,-
JJC Lawson,112.5,-,,Joginder Sharma,-
JK Kamande,62.61,-,,JP Agnew,-
JK Lever,36.84,9.5,,JP Behrendorff,9.5
JK Moss,43.75,28.64,,JP Bray,28.64
JL Carter,70.68,21.36,,JP Crawley,21.36
JL Denly,65.54,36.81,,JP Duminy,36.81
JL Langer,88.88,34.4,,JP Faulkner,34.4
JL Louw,-,-,,JP Kotze,-
JL Ontong,68.91,25.76,,JP Maher,25.76
JL Pattinson,52.5,-,,JP Millmow,-
JM Anderson,48.66,-,,JP Taylor,-
JM Bairstow,104.07,-,,JPR Lamsam,-
JM Brearley,45.53,-,,JR Hammond,-
JM Davison,104.17,18.5,,JR Hazlewood,18.5
JM How,66.53,25.01,,JR Hopes,25.01
JM Kemp,83.12,22.6,,JR Murray,22.6
JM Mennie,25,14.98,,JR Ratnayeke,14.98
JM Parker,61.53,7.54,,JR Thomson,7.54
JM Patel,13.04,-,,JS Ababu,-
JM Vince,88.62,13.66,,JS Foster,13.66
JM Wiener,43.2,-,,JS Malhotra,-
JN Frylinck,100.69,13.57,,JS Patel,13.57
JN Gillespie,78.53,9.5,,JT Ball,9.5
JN Maguire,59.15,18,,JTC Vaughan,18
JN Mohammed,69.3,-,,Jubair Hossain,-
JN Rhodes,80.9,4.85,,Junaid Khan,4.85
JN Snape,68.2,23,,Junaid Siddique,23
JN Valentine,17.64,-,,Junaid Siddique,-
JNK Shannon,25,-,,Junaid Siddiqui,-
JNT Vare,73.63,-,,Junaid Zia,-
JO Angara,35.93,30.72,,JV Coney,30.72
JO Holder,94.28,-,,JV Harris,-
JO Ngoche,41.17,-,,JV Paranjpe,-
JO Troughton,47.36,2.71,,JW Dernbach,2.71
JOA Gordon,25,27.1,,JW Hastings,27.1
Joginder Sharma,116.66,-,,JW Wilson,-
JP Agnew,66.66,42.23,,JWA Taylor,42.23
JP Behrendorff,126.66,-,,JWHD Boteju,-
JP Bray,67.5,19.48,,JWM Dalrymple,19.48
JP Crawley,57.59,-,,K Birkenstock,-
JP Duminy,84.55,-,,K Christie,-
JP Faulkner,104.24,22.36,,K Doriga,22.36
JP Kotze,88.72,-,,K Gore,-
JP Maher,65.08,-,,K Jethi,-
JP Millmow,0,-,,K Kamyuka,-
JP Taylor,12.5,-,,K Pierre,-
JPR Lamsam,51.06,16.18,,K Rabada,16.18
JR Hammond,53.57,-,,K Shuttleworth,-
JR Hazlewood,64.4,29.01,,K Srikkanth,29.01
JR Hopes,93.71,20,,K Weeraratne,20
JR Murray,72.98,-,,K Whatham,-
JR Ratnayeke,52.45,-,,K Zondo,-
JR Thomson,64.64,23.64,,KA Edwards,23.64
JS Ababu,46.03,-,,KA Hope,-
JS Foster,57.74,-,,KA Maharaj,-
JS Malhotra,73.23,-,,KA Patel,-
JS Paris,-,26.06,,KA Pollard,26.06
JS Patel,58.64,15.5,,Kabir Ali,15.5
JT Ball,77.55,-,,Kabir Khan,-
JTC Vaughan,62.06,10.62,,KAD Hurdle,10.62
Jubair Hossain,55.55,13.39,,KAJ Roach,13.39
Junaid Khan,53.54,-,,Kaleemullah,-
Junaid Siddique,68.22,26.09,,Kamran Akmal,26.09
Junaid Siddique,29.41,-,,Kamran Hussain,-
Junaid Siddiqui,46.52,-,,Kamran Shazad,-
Junaid Zia,28.57,-,,Karan KC,-
JV Coney,64.95,-,,Karim Janat,-
JV Harris,44.6,23.75,,Karim Sadiq,23.75
JV Paranjpe,59.34,-,,Kashif Raza,-
JW Dernbach,48.71,14.15,,KBJ Azad,14.15
JW Hastings,99.26,-,,KC Brathwaite,-
JW Wilson,91.96,-,,KC Hodsoll,-
JWA Taylor,80.12,41.98,,KC Sangakkara,41.98
JWHD Boteju,27.27,34.35,,KC Wessels,34.35
JWM Dalrymple,72.47,-,,KCB Jeremy,-
K Birkenstock,58.49,10.83,,KCG Benjamin,10.83
K Christie,0,-,,KD Boyce,-
K Doriga,63.4,11.4,,KD Ghavri,11.4
K Gore,65.49,30.2,,KD Karthik,30.2
K Jethi,110.12,15.62,,KD Mills,15.62
K Kamyuka,100,-,,KD Shah,-
K Pierre,82.97,28.5,,KD Walters,28.5
K Rabada,77.77,-,,KDK Vithanage,-
K Shuttleworth,36.84,7,,KEA Upashantha,7
K Srikkanth,71.74,-,,KED Carroll,-
K Weeraratne,90.39,-,,KF Semple,-
K Whatham,43.9,-,,KG Duers,-
K Zondo,63.39,-,,KH Butt,-
KA Edwards,67,12.63,,KH MacLeay,12.63
KA Hope,71.87,14.36,,Khaled Mahmud,14.36
KA Maharaj,96.15,21.9,,Khaled Mashud,21.9
KA Patel,25,-,,Khalid Khan,-
KA Pollard,94.49,-,,Khalid Latif,-
Kabir Ali,86.11,-,,Khaliq Dad,-
Kabir Khan,40,-,,Khawar Ali,-
KAD Hurdle,84.15,-,,KHRK Fernando,-
KADM Fernando,-,12.69,,Khurram Chohan,12.69
KAJ Roach,53.47,41.57,,Khurram Khan,41.57
Kaleemullah,20,-,,Khurram Manzoor,-
Kamran Akmal,83.94,-,,Khurram Nawaz,-
Kamran Hussain,133.33,2.85,,KIW Wijegunawardene,2.85
Kamran Shazad,88,8.44,,KJ Abbott,8.44
Karan KC,91.3,23.8,,KJ Arnott,23.8
Karim Janat,27.27,-,,KJ Barnett,-
Karim Sadiq,80.91,43.8,,KJ Coetzer,43.8
Kashif Raza,100,24,,KJ Hughes,24
KBJ Azad,67.25,30.88,,KJ O'Brien,30.88
KC Brathwaite,57.55,-,,KJ O'Keeffe,-
KC Hodsoll,28.57,-,,KJ Silva,-
KC Sangakkara,78.86,28.66,,KJ Wadsworth,28.66
KC Wessels,55.3,-,,KJ Wright,-
KCB Jeremy,40.47,-,,KJJ van Noortwijk,-
KCG Benjamin,81.25,4.5,,KK Ahmed,4.5
KD Boyce,74.02,-,,KK Nair,-
KD Ghavri,58.76,42.33,,KL Rahul,42.33
KD Karthik,73.24,9.5,,KL Tucker,9.5
KD Mills,81.66,26.08,,KLT Arthurton,26.08
KD Shah,57.14,26.09,,KM Curran,26.09
KD Walters,70.08,19.03,,KM Dabengwa,19.03
KDK Vithanage,83.33,42.31,,KM Jadhav,42.31
KEA Upashantha,56.97,9.65,,KM Jarvis,9.65
KED Carroll,55.55,20.12,,KMA Paul,20.12
KF Semple,38.78,-,,KMC Bandara,-
KG Duers,35,15.43,,KMDN Kulasekara,15.43
KG Perera,-,-,,KN Amalean,-
KH Butt,28.57,13.25,,KO Meth,13.25
KH MacLeay,81.76,23.44,,KO Otieno,23.44
Khaled Mahmud,67.83,22.84,,KOA Powell,22.84
Khaled Mashud,54.84,-,,KOK Williams,-
Khalid Khan,62.5,-,,KP Meiyappan,-
Khalid Latif,64.47,40.73,,KP Pietersen,40.73
Khaliq Dad,57.97,-,,KPJ Warnaweera,-
Khawar Ali,53.37,9,,KR Pushpakumara,9
KHRK Fernando,59.72,29.65,,KR Rutherford,29.65
Khurram Chohan,57.89,-,,KR Stackpole,-
Khurram Khan,80.27,16.75,,Krishna Chandran,16.75
Khurram Manzoor,62.93,14,,KS Lokuarachchi,14
Khurram Nawaz,53.06,13.09,,KS More,13.09
KIW Wijegunawardene,36.36,47.9,,KS Williamson,47.9
KJ Abbott,60.31,6.5,,KSC de Silva,6.5
KJ Arnott,48.47,5.83,,KT Sandher,5.83
KJ Barnett,57.53,21.5,,KTGD Prasad,21.5
KJ Coetzer,86.18,12.62,,Kuldeep Yadav,12.62
KJ Hughes,67.42,10.2,,KW Richardson,10.2
KJ O'Brien,89.07,39.84,,KWR Fletcher,39.84
KJ O'Keeffe,42.1,12,,L Balaji,12
KJ Silva,100,41.1,,L Klusener,41.1
KJ Wadsworth,77.24,15.66,,L Ngidi,15.66
KJ Wright,55.76,23.67,,L Ronchi,23.67
KJJ van Noortwijk,75.23,18.84,,L Siaka,18.84
KK Ahmed,52.94,2.5,,L Sivaramakrishnan,2.5
KK Nair,52.27,-,,L Sreekumar,-
KL Rahul,83.6,27.11,,L Vincent,27.11
KL Tucker,38.61,-,,LA Dawson,-
KLT Arthurton,67.46,-,,LB Taylor,-
KM Curran,66.74,-,,LC Romero,-
KM Dabengwa,60.39,32.42,,LD Chandimal,32.42
KM Jadhav,102.18,-,,LD Madushanka,-
KM Jarvis,65.87,25.08,,LE Bosman,25.08
KMA Paul,82.98,20.83,,LE Plunkett,20.83
KMC Bandara,33.33,23.91,,LG Howell,23.91
KMDN Kulasekara,81.46,17,,LG Rowe,17
KN Amalean,57.69,7.75,,LH Ferguson,7.75
KO Meth,57.92,-,,LHD Dilhara,-
KO Otieno,56.61,-,,Liaqat Ali,-
KOA Powell,78.63,24.77,,Liton Das,24.77
KOK Williams,70.37,-,,LJ Burger,-
KP Meiyappan,66.66,-,,LJ Hamilton,-
KP Pietersen,86.58,-,,LJ Koen,-
KP Walmsley,-,-,,LJ Tucker,-
KPJ Warnaweera,9.09,-,,LJ Woodcock,-
KR Pushpakumara,69.23,20.2,,LJ Wright,20.2
KR Rutherford,64.3,19.96,,LK Germon,19.96
KR Stackpole,57.88,7,,LL Tsotsobe,7
Krishna Chandran,48.9,14.75,,LM Jongwe,14.75
KS Lokuarachchi,80.15,31.58,,LMP Simmons,31.58
KS More,69.67,-,,LN Oluoch,-
KS Williamson,81.82,13.09,,LN Onyango,13.09
KSC de Silva,42.39,-,,LN Rajbanshi,-
KT Sandher,32.71,-,,LN Roche,-
KTGD Prasad,88.35,-,,LO Tikolo,-
Kuldeep Yadav,62.76,26.81,,LOB Cann,26.81
KV Sharma,-,15.77,,LP van Troost,15.77
KW Richardson,111.94,28.85,,LPC Silva,28.85
KWR Fletcher,66.75,-,,LR Gibbs,-
L Balaji,78.94,-,,LR Johnson,-
L Klusener,89.91,-,,LR Shukla,-
L Ngidi,71.21,11.27,,LR Williams,11.27
L Ronchi,114.5,23.49,,LRD Mendis,23.49
L Siaka,75.23,47.86,,LRPL Taylor,47.86
L Sivaramakrishnan,20.83,-,,LS Baker,-
L Sreekumar,83.56,-,,LS Bhandari,-
L Vincent,69.88,9.75,,LS Pascoe,9.75
LA Dawson,82.35,-,,LS Rajput,-
LB Taylor,16.66,-,,LV Garrick,-
LC Romero,14.28,-,,LW Stokkers,-
LD Chandimal,74.12,-,,LWS Kaluperuma,-
LD Madushanka,53.84,30.53,,M Amarnath,30.53
LE Bosman,98.68,36.92,,M Azharuddin,36.92
LE Plunkett,102.7,-,,M Bhanuka,-
LG Howell,73.96,-,,M Cheruparambil,-
LG Rowe,55.73,7.32,,M Dillon,7.32
LH Ferguson,49.6,3,,M Hayward,3
LHD Dilhara,77.57,1.2,,M Hendrick,1.2
Liaqat Ali,22.58,32.01,,M Kaif,32.01
Liton Das,88.17,-,,M Karg,-
LJ Burger,17.74,14,,M Kartik,14
LJ Hamilton,50,4.85,,M Mbangwa,4.85
LJ Koen,48.52,9.24,,M Morkel,9.24
LJ Tucker,72.44,-,,M Mulla,-
LJ Woodcock,63.63,6.8,,M Muralitharan,6.8
LJ Wright,86.21,8.65,,M Ntini,8.65
LK Germon,65.94,24.12,,M Prabhakar,24.12
LL Tsotsobe,51.37,-,,M Pushpakumara,-
LM Jongwe,77.88,6.8,,M Sheikh,6.8
LMP Simmons,73.05,20.66,,M van Jaarsveld,20.66
LN Oluoch,100,-,,M van Schoor,-
LN Onyango,76.59,-,,M Venkataramana,-
LN Rajbanshi,25,21.18,,M Vijay,21.18
LN Roche,40,-,,M Yachad,-
LO Tikolo,48,4,,M Zondeki,4
LOB Cann,117.06,-,,MA Aponso,-
LP van Troost,62.28,35.11,,MA Atherton,35.11
LPC Silva,70.4,-,,MA Carberry,-
LR Gibbs,-,17.46,,MA Ealham,17.46
LR Johnson,56,9.09,,MA Holding,9.09
LR Shukla,94.73,-,,MA Jones,-
LR Williams,66.66,21.54,,MA Leask,21.54
LRD Mendis,75.07,-,,MA Lynch,-
LRPL Taylor,83,-,,MA Meman,-
LS Baker,56.52,20.84,,MA Ouma,20.84
LS Bhandari,44.44,-,,MA Parker,-
LS Pascoe,38.23,12.42,,MA Starc,12.42
LS Rajput,29.03,8.23,,MA Suji,8.23
LV Garrick,48.52,32.23,,MA Taylor,32.23
LW Stokkers,37.5,22.25,,MA Vermeulen,22.25
LW Stott,-,8,,MA Wood,8
LWS Kaluperuma,55,-,,Mafizur Rahman,-
M Amarnath,57.7,-,,Mahbubul Alam,-
M Azharuddin,74.02,-,,Mahbubur Rahman,-
M Bhanuka,92.3,-,,Mahmood Hamid,-
M Cheruparambil,57.69,33.84,,Mahmudullah,33.84
M de Lange,-,37.42,,Majid Khan,37.42
M Dillon,55.23,12.25,,Maninder Singh,12.25
M Hayward,42.85,5.88,,Manjural Islam,5.88
M Hendrick,27.27,20.68,,Manjural Islam Rana,20.68
M Kaif,72.03,17.44,,Mansoor Akhtar,17.44
M Karg,69.23,-,,Mansoor Amjad,-
M Kartik,70.78,-,,Mansoor Rana,-
M Labuschagne,90.09,-,,Manzoor Akhtar,-
M Mbangwa,60.71,22.45,,Manzoor Elahi,22.45
M Morkel,75.7,-,,Maqsood Rana,-
M Mulla,9.09,22.81,,MAR Samarasekera,22.81
M Muralitharan,77.56,13.84,,Mashrafe Mortaza,13.84
M Ntini,66.77,-,,Masood Iqbal,-
M Panchal,-,10.5,,MAWR Madurasinghe,10.5
M Prabhakar,60.26,-,,Mazhar Hussain,-
M Pushpakumara,36.84,-,,Mazharul Haque,-
M Sheikh,55.28,-,,MB Loye,-
M Shezi,-,-,,MB Owens,-
M Smith,-,11.8,,MBS Jonkman,11.8
M van Jaarsveld,73.37,-,,MC Cowdrey,-
M van Schoor,52.25,9,,MC Henriques,9
M Venkataramana,-,-,,MC Mendis,-
M Vijay,66.99,15.28,,MC Snedden,15.28
M Watkinson,-,20.83,,MC Sorensen,20.83
M Yachad,40.25,-,,MD Bailey,-
M Zondeki,80,-,,MD Bates,-
MA Aponso,22.22,-,,MD Bell,-
MA Atherton,58.64,38.55,,MD Crowe,38.55
MA Carberry,63.33,28.37,,MD Dai,28.37
MA Ealham,65.56,34.69,,MD Gunathilaka,34.69
MA Holding,74.8,14.92,,MD Marshall,14.92
MA Jones,70.07,-,,MD Moxon,-
MA Leask,108.46,-,,MD Patel,-
MA Lynch,25,26,,MD Shanaka,26
MA Meman,86.36,-,,MD Wettimuny,-
MA Ouma,59.44,-,,MDJ Walker,-
MA Parker,56.73,12.66,,MDK Perera,12.66
MA Small,-,31.12,,MDKJ Perera,31.12
MA Starc,87.84,37.37,,ME Trescothick,37.37
MA Suji,46.95,39.35,,ME Waugh,39.35
MA Taylor,59.46,19.05,,Mehidy Hasan Miraz,19.05
MA Vermeulen,70.74,-,,Mehmood Quaraishy,-
MA Wood,88.88,24.94,,Mehrab Hossain,24.94
Mafizur Rahman,50.96,17.25,,Mehrab Hossain jnr,17.25
Mahbubul Alam,114.08,48.15,,MEK Hussey,48.15
Mahbubur Rahman,37.5,-,,MF Kent,-
Mahmood Hamid,16.66,19.52,,MF Maharoof,19.52
Mahmudullah,76.48,-,,MF Malone,-
Majid Khan,74.71,53.58,,MG Bevan,53.58
Maninder Singh,54.44,16.8,,MG Burgess,16.8
Manjural Islam,39.55,-,,MG Burmester,-
Manjural Islam Rana,49.55,-,,MG Erasmus,-
Mansoor Akhtar,51.65,11.11,,MG Hughes,11.11
Mansoor Amjad,50,16.11,,MG Johnson,16.11
Mansoor Rana,62.5,-,,MG Neser,-
Manzoor Akhtar,65.98,-,,MG Vandort,-
Manzoor Elahi,89.6,24.17,,MH Cross,24.17
Maqsood Rana,38.46,18.95,,MH Dekker,18.95
MAR Samarasekera,69.92,29.33,,MH Denness,29.33
Mashrafe Mortaza,87.67,-,,MH Richardson,-
Masood Iqbal,100,-,,MH Tissera,-
MAWR Madurasinghe,33.87,20.37,,MH Yardy,20.37
Mazhar Hussain,53.59,9.87,,MHN Walker,9.87
Mazharul Haque,16.66,-,,MHW Papps,-
MB Loye,77.17,-,,MI Black,-
MB Owens,0,18.87,,Minhajul Abedin,18.87
MBS Jonkman,74.68,14.33,,Mirwais Ashraf,14.33
MC Cowdrey,20,43.4,,Misbah-ul-Haq,43.4
MC Henriques,68.06,-,,MJ Bennett,-
MC Mendis,150,44.58,,MJ Clarke,44.58
MC Snedden,63.46,-,,MJ Cosgrove,-
MC Sorensen,80.64,-,,MJ Di Venuto,-
MD Bailey,-,-,,MJ Fourie,-
MD Bates,130,28.28,,MJ Greatbatch,28.28
MD Bell,49.62,42.2,,MJ Guptill,42.2
MD Crowe,72.63,-,,MJ Haslam,-
MD Dai,77.6,15.07,,MJ Henry,15.07
MD Gunathilaka,85.9,4.25,,MJ Hoggard,4.25
MD Marshall,76.64,20.41,,MJ Horne,20.41
MD Moxon,53.53,-,,MJ Lumb,-
MD Patel,66.32,8,,MJ Mason,8
MD Shanaka,115.84,27,,MJ McClenaghan,27
MD Wettimuny,18.18,-,,MJ North,-
MDJ Walker,166.66,-,,MJ Petrie,-
MDK Perera,76.38,24.18,,MJ Prior,24.18
MDKJ Perera,93,27.21,,MJ Santner,27.21
ME Sanuth,117.94,24.07,,MJ Slater,24.07
ME Trescothick,85.21,-,,MJ Smith,-
ME Waugh,76.9,-,,MJ Smith,-
Mehidy Hasan Miraz,76.5,-,,MJD Allingham,-
Mehmood Quaraishy,26.62,-,,MJG Rippon,-
Mehrab Hossain,58.84,27.38,,MJR Rindel,27.38
Mehrab Hossain jnr,42.99,36.66,,MK Pandey,36.66
MEK Hussey,87.16,26.09,,MK Tiwary,26.09
MF Kent,58.64,-,,MKDI Amerasinghe,-
MF Maharoof,86.01,-,,MKGCP Lakshitha,-
MF Malone,57.14,5,,ML Cummins,5
MG Bevan,74.16,43.8,,ML Hayden,43.8
MG Burgess,65.24,-,,ML Lewis,-
MG Burmester,52.65,10.8,,ML Nkala,10.8
MG Erasmus,76.09,-,,ML Patel,-
MG Hughes,74.62,4.8,,ML Su'a,4.8
MG Johnson,96.35,-,,ML Udawatte,-
MG Neser,50,-,,MLC Foster,-
MG Vandort,41.02,25.59,,MM Ali,25.59
MH Cross,73.95,24,,MM Iqbal,24
MH Dekker,47.49,6.72,,MM Patel,6.72
MH Denness,63.3,7.75,,MM Sharma,7.75
MH Richardson,43.29,-,,MMA Jonkman,-
MH Tissera,53.06,-,,MMC Schewe,-
MH Yardy,69.06,7.62,,MN Hart,7.62
MHN Walker,46.47,-,,MN Nawaz,-
MHW Papps,60.52,32.97,,MN Samuels,32.97
MI Black,28.57,26.56,,MN van Wyk,26.56
Minhajul Abedin,49.83,19.07,,MN Waller,19.07
Mirwais Ashraf,71.27,11.3,,MO Jones,11.3
Misbah-ul-Haq,73.75,26.09,,MO Odumbe,26.09
MJ Bennett,42.85,7,,Mohammad Akram,7
MJ Clarke,78.98,18.15,,Mohammad Amir,18.15
MJ Cosgrove,96.55,22.23,,Mohammad Ashraful,22.23
MJ Di Venuto,85.76,3.77,,Mohammad Asif,3.77
MJ Fourie,82.35,-,,Mohammad Aslam,-
MJ Greatbatch,71.18,-,,Mohammad Boota,-
MJ Guptill,87.34,32.9,,Mohammad Hafeez,32.9
MJ Haslam,50,-,,Mohammad Hasnain,-
MJ Henry,100,30.8,,Mohammad Hussain,30.8
MJ Hoggard,56.66,-,,Mohammad Iqbal,-
MJ Horne,64.68,4,,Mohammad Irfan,4
MJ Lumb,81.28,-,,Mohammad Ishaq,-
MJ Mason,53.33,0.33,,Mohammad Kashif,0.33
MJ McClenaghan,78.26,-,,Mohammad Khalil,-
MJ North,31.57,25.94,,Mohammad Mithun,25.94
MJ Petrie,16.66,27.82,,Mohammad Nabi,27.82
MJ Prior,76.76,-,,Mohammad Nadeem,-
MJ Santner,87.95,16.54,,Mohammad Naveed,16.54
MJ Slater,60.4,22.11,,Mohammad Nawaz (3),22.11
MJ Smith,44.02,-,,Mohammad Nazir,-
MJ Smith,22.35,13.38,,Mohammad Rafique,13.38
MJD Allingham,11.45,33.57,,Mohammad Rizwan,33.57
MJG Rippon,63.39,29.11,,Mohammad Saifuddin,29.11
MJR Rindel,66.86,-,,Mohammad Salim,-
MK Pandey,92.4,-,,Mohammad Salman,-
MK Tiwary,71.21,11.62,,Mohammad Sami,11.62
MKDI Amerasinghe,66.66,33.66,,Mohammad Shahzad,33.66
MKGCP Lakshitha,58.33,-,,Mohammad Shahzad,-
ML Cummins,37.03,-,,Mohammad Sharif,-
ML Hayden,78.96,-,,Mohammad Talha,-
ML Lewis,100,13.57,,Mohammad Tauqir,13.57
ML Nkala,61.59,23.6,,Mohammad Wasim,23.6
ML Patel,42.1,41.71,,Mohammad Yousuf,41.71
ML Su'a,42.85,7.5,,Mohammad Zahid,7.5
ML Udawatte,67.1,-,,Mohammed Qasim,-
MLC Foster,40.32,7.55,,Mohammed Shami,7.55
MM Ali,104.06,9,,Mohsin Kamal,9
MM Iqbal,53.33,26.81,,Mohsin Khan,26.81
MM Patel,66.07,23,,Moin Khan,23
MM Sharma,46.96,-,,Moin-ul-Atiq,-
MMA Jonkman,39.21,22.28,,Mominul Haque,22.28
MMC Schewe,72.05,-,,Moniruzzaman,-
MN Hart,60.39,-,,Morshed Ali Khan,-
MN Nawaz,43.66,27.45,,Mosaddek Hossain,27.45
MN Samuels,75.11,-,,Mosharraf Hossain,-
MN van Wyk,68.88,-,,MP Bicknell,-
MN Waller,76.81,18.5,,MP Jarvis,18.5
MO Jones,75.83,14.18,,MP Maynard,14.18
MO Odumbe,69.96,-,,MP O'Dowd,-
Mohammad Abbas,-,-,,MP Stead,-
Mohammad Akram,41.17,33.87,,MP Stoinis,33.87
Mohammad Amir,81.75,27.15,,MP Vaughan,27.15
Mohammad Ashraful,70.1,-,,MQ Sheikh,-
Mohammad Asif,34,-,,MR Adair,-
Mohammad Aslam,52.05,-,,MR Benson,-
Mohammad Boota,75.79,15.5,,MR Gillespie,15.5
Mohammad Hafeez,76.61,-,,MR Johnson,-
Mohammad Hasnain,155.55,35.7,,MR Marsh,35.7
Mohammad Hussain,113.23,-,,MR Pydanna,-
Mohammad Iqbal,67.5,26.85,,MR Ramprakash,26.85
Mohammad Irfan,32.21,19.7,,MR Swart,19.7
Mohammad Ishaq,75.38,6.66,,MR Whitney,6.66
Mohammad Kashif,5.88,-,,MRCN Bandaratilleke,-
Mohammad Khalil,-,32.26,,MRJ Veletta,32.26
Mohammad Mithun,74.81,14.7,,MRJ Watt,14.7
Mohammad Nabi,85.54,37.57,,MS Atapattu,37.57
Mohammad Nadeem,54.08,-,,MS Chapman,-
Mohammad Naveed,122.91,50.57,,MS Dhoni,50.57
Mohammad Nawaz (3),93.42,18.5,,MS Kasprowicz,18.5
Mohammad Nazir,25,5.2,,MS Panesar,5.2
Mohammad Rafique,71.61,28.34,,MS Sinclair,28.34
Mohammad Rizwan,89.58,-,,MS Tshabalala,-
Mohammad Saifuddin,81.36,25.75,,MS Wade,25.75
Mohammad Salim,37.5,14.55,,MSK Prasad,14.55
Mohammad Salman,56.41,-,,MT Chinouya,-
Mohammad Sami,64.08,-,,MTG Elliott,-
Mohammad Shahzad,88.48,17.2,,Mudassar Bukhari,17.2
Mohammad Shahzad,84.44,25.26,,Mudassar Nazar,25.26
Mohammad Sharif,51.96,27.42,,Muhammad Usman,27.42
Mohammad Talha,0,-,,Mujahid Jamshed,-
Mohammad Tauqir,57.92,6.27,,Mujeeb Ur Rahman,6.27
Mohammad Wasim,52.06,-,,Munir Dar,-
Mohammad Yousuf,75.1,36.3,,Mushfiqur Rahim,36.3
Mohammad Zahid,68.18,16.36,,Mushfiqur Rahman,16.36
Mohammed Qasim,50,9.5,,Mushtaq Ahmed,9.5
Mohammed Shami,81.66,-,,Mushtaq Mohammad,-
Mohammed Siraj,-,7.8,,Mustafizur Rahman,7.8
Mohibullah Oryakhel,-,28.57,,MV Boucher,28.57
Mohsin Kamal,67.5,15.44,,MV Fleming,15.44
Mohsin Khan,55.64,13.5,,MV Nagamootoo,13.5
Moin Khan,81.3,-,,MVT Fernando,-
Moin-ul-Atiq,71.32,-,,MW Alleyne,-
Mominul Haque,74.36,-,,MW Douglas,-
Moniruzzaman,5,29.5,,MW Gatting,29.5
Morshed Ali Khan,50,27.13,,MW Goodwin,27.13
Mosaddek Hossain,86.72,33.36,,MW Machan,33.36
Mosharraf Hossain,34.66,10.3,,MW Priest,10.3
MP Bicknell,92.3,9.6,,MW Pringle,9.6
MP Jarvis,55.22,-,,MW Rushmere,-
MP Maynard,69.33,-,,MWA van Nierop,-
MP O'Dowd,72.5,-,,MZ Zahir,-
MP Stead,22.22,26.67,,N Boje,26.67
MP Stoinis,91.86,15.5,,N Chopra,15.5
MP Vaughan,68.39,26.23,,N Deonarine,26.23
MQ Sheikh,45,32.72,,N Dickwella,32.72
MR Adair,95.29,-,,N Fernandes,-
MR Benson,41.37,-,,N Gifford,-
MR Gillespie,78.81,30.28,,N Hussain,30.28
MR Johnson,105.26,-,,N Ifill,-
MR Marsh,93.08,23.79,,N Kapil Dev,23.79
MR Pydanna,66.66,-,,N Kruger,-
MR Ramprakash,69.11,-,,N M'shangwe,-
MR Swart,72.42,7.44,,N Madziva,7.44
MR Whitney,44.44,-,,N Ncube,-
MRCN Bandaratilleke,0,-,,N Phillip,-
MRJ Veletta,75.38,10.4,,N Pokana,10.4
MRJ Watt,72.77,52,,N Pooran,52
MS Atapattu,67.72,-,,N Pothas,-
MS Chapman,91.95,4.14,,N Pradeep,4.14
MS Dhoni,87.56,-,,N Ranatunga,-
MS Gony,-,14.94,,N Vanua,14.94
MS Kasprowicz,83.14,-,,NA David,-
MS Panesar,28.57,-,,NA de Groot,-
MS Sinclair,62.51,11.53,,NA Foster,11.53
MS Tshabalala,66.66,-,,NA Statham,-
MS Wade,82.11,5.58,,Nadeem Ahmed,5.58
MSK Prasad,58.22,-,,Nadeem Ghauri,-
MT Chinouya,75,-,,Nadeem Khan,-
MTG Elliott,16.66,-,,Naeem Ahmed,-
Mudassar Bukhari,76.9,-,,Naeem Ashraf,-
Mudassar Nazar,51.71,27.08,,Naeem Islam,27.08
Muhammad Usman,76.16,-,,Naeemuddin Aslam,-
Mujahid Jamshed,50,19.31,,Nafees Iqbal,19.31
Mujeeb Ur Rahman,87.34,19.52,,Naimur Rahman,19.52
Munir Dar,112.5,-,,Najaf Shah,-
Mushfiqur Rahim,79.03,-,,Najeeb Amar,-
Mushfiqur Rahman,52.17,-,,Najeeb Tarakai,-
Mushtaq Ahmed,57.16,29.92,,Najibullah Zadran,29.92
Mushtaq Mohammad,59.2,-,,Najmul Hossain Shanto,-
Mustafizur Rahman,57.35,12.07,,NAM McLean,12.07
MV Boucher,84.76,-,,Naseer Malik,-
MV Fleming,101.45,-,,Nasim-ul-Ghani,-
MV Nagamootoo,60,-,,Nasir Ahmed,-
MVT Fernando,49.18,-,,Nasir Aziz,-
MW Alleyne,59.21,-,,Nasir Hameed,-
MW Douglas,44.71,29.11,,Nasir Hossain,29.11
MW Gatting,70.58,27.07,,Nasir Jamal,27.07
MW Goodwin,68.5,31.51,,Nasir Jamshed,31.51
MW Machan,77.1,-,,Nasir Javed,-
MW Priest,45.77,-,,Naumanullah,-
MW Pringle,85.71,12.55,,Naved Anjum,12.55
MW Rushmere,44.82,23.81,,Naved Latif,23.81
MWA van Nierop,71.42,15.87,,Naved-ul-Hasan,15.87
MZ Zahir,23.07,-,,Naveen-ul-Haq,-
N Boje,88.7,27.11,,Nawroz Mangal,27.11
N Chopra,62.24,13.36,,Nazimuddin,13.36
N Deonarine,68.95,4.37,,Nazmul Hossain,4.37
N Dickwella,93.56,-,,Nazmul Islam,-
N Dutta,-,10.63,,NB Mahwire,10.63
N Fernandes,38.46,36.5,,NC Johnson,36.5
N Gifford,0,7.5,,NC McGarrell,7.5
N Hussain,66.99,2,,ND Hirwani,2
N Ifill,35.55,37.51,,ND McKenzie,37.51
N Kapil Dev,95.07,-,,NE Clarke,-
N Kruger,52,-,,Neeyamur Rashid,-
N M'shangwe,84.44,27.83,,NFI McCallum,27.83
N Madziva,48.55,2.6,,NG Cowans,2.6
N Ncube,-,14.8,,NG Jones,14.8
N Phillip,0,-,,NGRP Jayasuriya,-
N Pokana,49.05,39.47,,NH Fairbrother,39.47
N Pooran,110.38,33.75,,Nizakat Khan,33.75
N Pothas,58.53,34.92,,NJ Astle,34.92
N Pradeep,37.66,-,,NJ MacRae,-
N Ranatunga,0,28.05,,NJ O'Brien,28.05
N Vanua,87.88,-,,NK Patel,-
NA David,90,20.98,,NL McCullum,20.98
NA de Groot,34.64,19.73,,NLTC Perera,19.73
NA Foster,61.47,-,,NM Carter,-
NA Saini,-,16.8,,NM Coulter-Nile,16.8
NA Statham,14,22.4,,NM Hauritz,22.4
Nadeem Ahmed,44.37,-,,NM Kulkarni,-
Nadeem Ghauri,56,19.25,,NM Lyon,19.25
Nadeem Khan,66.66,-,,NM Odhiambo,-
Naeem Ahmed,0,-,,NM Parker,-
Naeem Ashraf,55.81,-,,NMK Smith,-
Naeem Islam,66.19,12,,NN Odhiambo,12
Naeemuddin Aslam,38.7,20.28,,NO Miller,20.28
Nafees Iqbal,54.4,26.5,,NO Perry,26.5
Naimur Rahman,63.29,24.81,,Noor Ali Zadran,24.81
Najaf Shah,0,-,,Noor-ul-Haq,-
Najeeb Amar,59.37,-,,NP Kenjige,-
Najeeb Tarakai,27.77,-,,NR Dyer,-
Najibullah Zadran,89.85,15.5,,NR Kumar,15.5
Najmul Hossain Shanto,44.44,20.19,,NR Mongia,20.19
NAM McLean,81.98,11.28,,NS Poonia,11.28
Naseem Khushi,158.82,37.08,,NS Sidhu,37.08
Naseer Malik,0,-,,NS Yadav,-
Nasim-ul-Ghani,12.5,26.94,,NT Broom,26.94
Nasir Ahmed,40.32,-,,NT Pascal,-
Nasir Aziz,65.6,-,,Nurul Abedin,-
Nasir Hameed,0,-,,Nurul Hasan,-
Nasir Hossain,79.81,40.41,,NV Knight,40.41
Nasir Jamal,65.54,-,,NV Ojha,-
Nasir Jamshed,75.38,-,,NV Radford,-
Nasir Javed,10.52,11.7,,NW Bracken,11.7
Naumanullah,125,-,,O Henry,-
Naved Anjum,73.37,2.6,,O Thomas,2.6
Naved Latif,62.82,30.56,,OA Shah,30.56
Naved-ul-Hasan,84.51,-,,OAC Banks,-
Naveen-ul-Haq,42.85,-,,OC McCoy,-
Nawroz Mangal,75.33,14.1,,OD Gibson,14.1
Nazimuddin,62.02,-,,OJ Hairs,-
Nazmul Hossain,27.34,-,,OL Pitcher,-
Nazmul Islam,53.84,-,,OO Bascome,-
NB Mahwire,46.98,-,,OP Stone,-
NC Johnson,70.28,-,,P Dharmani,-
NC McGarrell,61.22,-,,P Khadka,-
ND Hirwani,27.58,-,,P Krishnamurthy,-
ND McKenzie,69.4,13.9,,P Kumar,13.9
NE Clarke,44.64,-,,P Lever,-
Neeyamur Rashid,100,-,,P Mustard,-
NFI McCallum,69.05,-,,P Sarraf,-
NG Cowans,44.82,16.73,,P Utseya,16.73
NG Jones,72.54,23.39,,P Willey,23.39
NGB Cook,-,1.33,,P Wilson,1.33
NGRP Jayasuriya,84.61,-,,PA Browne,-
NH Fairbrother,72.06,34.9,,PA de Silva,34.9
Nizakat Khan,82.92,2.66,,PA Desai,2.66
NJ Astle,72.64,-,,PA Emery,-
NJ MacRae,27.77,10.25,,PA Hitchcock,10.25
NJ O'Brien,70.94,-,,PA Horne,-
NK Patel,65.67,-,,PA Jaques,-
NL McCullum,87.7,21.21,,PA Nixon,21.21
NLK Ratnayake,-,23.74,,PA Patel,23.74
NLTC Perera,111.67,22.24,,PA Strang,22.24
NM Carter,0,-,,PA van Meekeren,-
NM Coulter-Nile,96.18,21.24,,PA Wallace,21.24
NM Hauritz,96.27,3.87,,PADLR Sandakan,3.87
NM Kulkarni,55,16.04,,PAJ DeFreitas,16.04
NM Lyon,92.77,-,,Pankaj Singh,-
NM Odhiambo,46.28,-,,PARP Perera,-
NM Parker,0,10.62,,PB Dassanayake,10.62
NMK Smith,75.75,20,,PC Connell,20
NN Odhiambo,71.64,-,,PC de Silva,-
NO Miller,79.1,-,,PC Strydom,-
NO Perry,62.35,15,,PCR Tufnell,15
Noor Ali Zadran,63.23,35.36,,PD Collingwood,35.36
Noor-ul-Haq,20.68,-,,PD Heyn,-
NP Kenjige,233.33,-,,PD McGlashan,-
NR Dyer,21.42,1.6,,PDRL Perera,1.6
NR Kumar,54.65,-,,PE Cantrell,-
NR Mongia,68.9,13.6,,PE McEwan,13.6
NS Poonia,62.86,-,,Pervez Mir,-
NS Sidhu,69.72,-,,PG Coman,-
NS Yadav,6.25,32.53,,PG Fulton,32.53
NT Broom,81.22,-,,PG Gillespie,-
NT Pascal,0,-,,PG Nana,-
Nurul Abedin,27.27,-,,PH Carlson,-
Nurul Hasan,97.14,10.54,,PH Edmonds,10.54
NV Knight,71.52,-,,PH Sharma,-
NV Ojha,14.28,-,,PHKD Mendis,-
NV Radford,0,-,,PHT Kaushal,-
NW Bracken,70.56,-,,PI Pocock,-
O Henry,76.92,-,,PIC Thompson,-
O Thomas,24.52,-,,PJ Bakker,-
OA Shah,78.67,10.17,,PJ Cummins,10.17
OAC Banks,55.7,26.28,,PJ Forrest,26.28
OC McCoy,0,-,,PJ Franks,-
OD Gibson,102.17,35.91,,PJ Hughes,35.91
OJ Hairs,68,-,,PJ Ingram,-
OL Pitcher,33.17,6.33,,PJ Martin,6.33
OO Bascome,44.82,20.67,,PJ Moor,20.67
OP Stone,128.57,9.09,,PJ Ongondo,9.09
P Dharmani,100,22.5,,PJ Wiseman,22.5
P Khadka,82.16,7.72,,PJC Hoffmann,7.72
P Krishnamurthy,46.15,-,,PJK Mooney,-
P Kumar,88.21,23.15,,PJL Dujon,23.15
P Lever,70.83,-,,PJR Steyn,-
P Mustard,92.46,3,,PJW Allott,3
P Raho,-,20.52,,PK Amre,20.52
P Sarraf,66.66,3.5,,PKD Chase,3.5
P Utseya,58.34,-,,PL Mhambrey,-
P Willey,62.92,30.97,,PL Mommsen,30.97
P Wilson,30.76,16.92,,PL Symcox,16.92
PA Browne,74.86,19.86,,PL Taylor,19.86
PA de Silva,81.13,-,,PLS Gamage,-
PA Desai,14.54,-,,PM Pushpakumara,-
PA Emery,84.61,11.07,,PM Seelaar,11.07
PA Hitchcock,67.21,10.33,,PM Siddle,10.33
PA Horne,40.98,-,,PM Toohey,-
PA Jaques,71.02,38.02,,PN Kirsten,38.02
PA Nixon,85.59,-,,PN Webb,-
PA Patel,76.5,5.42,,PP Chawla,5.42
PA Strang,66.02,23,,PP Ojha,23
PA van Meekeren,75,16.5,,PR Adams,16.5
PA Wallace,60.9,16.13,,PR Downton,16.13
PADLR Sandakan,35.22,13.97,,PR Reiffel,13.97
PAJ DeFreitas,83.83,37.04,,PR Stirling,37.04
Pankaj Singh,100,8.09,,PS de Villiers,8.09
PARP Perera,56.89,-,,PS Eaglestone,-
Parvez Rasool,-,-,,PS Masvaure,-
PB Dassanayake,59.85,-,,PS Mehta,-
PC Connell,54.79,-,,PS Vaidya,-
PC de Silva,83.92,33.26,,PSP Handscomb,33.26
PC Strydom,51.06,4.28,,PT Collins,4.28
PCR Tufnell,48.38,-,,PV Mpitsang,-
PD Collingwood,76.98,28.93,,PV Simmons,28.93
PD Heyn,15,13.28,,PVD Chameera,13.28
PD McGlashan,123.52,22.31,,PW Borren,22.31
PDRL Perera,44.44,7.2,,PW Gunaratne,7.2
PE Cantrell,52.11,5.16,,PW Jarvis,5.16
PE McEwan,58.95,-,,PWA Mulder,-
Pervez Mir,59.09,-,,PWE Rawson,-
PG Coman,59.61,14.37,,PWH de Silva,14.37
PG Fulton,72.77,45.01,,Q de Kock,45.01
PG Gillespie,14.28,4.5,,Qadeer Ahmed,4.5
PG Nana,20,15.25,,Qaiser Ali,15.25
PH Carlson,36.66,22.92,,Qasim Umar,22.92
PH Edmonds,50,16.07,,R Ashwin,16.07
PH Sharma,51.28,11.07,,R Clarke,11.07
PHKD Mendis,44.73,-,,R Dhanraj,-
PHT Kaushal,0,-,,R Dhawan,-
PI Pocock,44.44,39.16,,R Dravid,39.16
PIC Thompson,28.57,-,,R Edwards,-
PJ Bakker,25,-,,R Flannigan,-
PJ Cummins,70.9,23.94,,R Gunasekera,23.94
PJ Forrest,65.59,-,,R Hekure,-
PJ Franks,23.52,-,,R Illingworth,-
PJ Hughes,75.09,27,,R Lamba,27
PJ Ingram,81.09,18.65,,R McLaren,18.65
PJ Martin,71.69,-,,R Murray,-
PJ Moor,67.51,20.06,,R Mutumbami,20.06
PJ Ongondo,62.96,-,,R Ngarava,-
PJ Wiseman,54.21,-,,R Pathan,-
PJC Hoffmann,123.18,23.92,,R Powell,23.92
PJK Mooney,133.33,12.48,,R Rampaul,12.48
PJL Dujon,67.51,-,,R Sharma,-
PJR Steyn,28.57,-,,R Sharma,-
PJW Allott,60,-,,R Shepherd,-
PK Amre,64.2,-,,R Strydom,-
PKD Chase,62.5,-,,R Sudhakar Rao,-
PL Harris,-,6.08,,R Telemachus,6.08
PL Mhambrey,140,-,,R Vijay Bharadwaj,-
PL Mommsen,69.04,9.55,,R Vinay Kumar,9.55
PL Symcox,83.61,-,,R Walters,-
PL Taylor,74.95,-,,RA Austin,-
PLS Gamage,14.81,-,,RA Bhatti,-
PM Pushpakumara,42.3,16.13,,RA Harper,16.13
PM Seelaar,63.52,31.25,,RA Jadeja,31.25
PM Siddle,103.33,-,,RA Jones,-
PM Toohey,78.94,-,,RA Reifer,-
PN Kirsten,56.02,39.01,,RA Smith,39.01
PN Webb,37.62,-,,RA Woolmer,-
PP Chawla,65.51,-,,Raees Ahmadzai,-
PP Ojha,41.07,-,,Rafiqul Alam,-
PR Adams,53.22,-,,Rafiqul Islam,-
PR Downton,67.59,2.66,,Rahat Ali,2.66
PR Reiffel,70.94,35.2,,Rahmat Shah,35.2
PR Stirling,86.75,-,,RAJ Smith,-
PS de Villiers,77.98,23.92,,Rajin Saleh,23.92
PS Eaglestone,133.33,-,,RAL Massie,-
PS Jayaprakashdaran,-,32.09,,Rameez Raja,32.09
PS Masvaure,66.66,53.15,,Rameez Shahzad,53.15
PS Mehta,29.26,-,,Ramveer Rai,-
PS Vaidya,125,6.62,,RAP Nissanka,6.62
PSP Handscomb,97.38,27.82,,Raqibul Hasan,27.82
PT Collins,60,-,,Raqibul Hasan,-
PV Mpitsang,100,9.38,,RAS Lakmal,9.38
PV Simmons,67.96,19.25,,Rashid Khan,19.25
PVD Chameera,62,13.75,,Rashid Khan,13.75
PW Borren,85.37,19.42,,Rashid Latif,19.42
PW Gunaratne,57.14,-,,Rashid Zia,-
PW Jarvis,79.48,-,,Raza Hasan,-
PWA Mulder,83.14,-,,Raza-ur-Rehman,-
PWE Rawson,65.04,-,,RB Kanhai,-
PWH de Silva,103.6,-,,RB Kerr,-
Q de Kock,95.2,22.85,,RB McCosker,22.85
Qadeer Ahmed,29.03,-,,RB Reid,-
Qaiser Ali,63.7,33.41,,RB Richardson,33.41
Qasim Umar,57.06,-,,RB Simpson,-
R Ashwin,86.98,25.91,,RC Fredericks,25.91
R Clarke,62.06,-,,RC Haynes,-
R Dhanraj,25,14.4,,RC Irani,14.4
R Dhawan,92.3,17.62,,RC Russell,17.62
R Dravid,71.24,28.08,,RD Berrington,28.08
R Edwards,73.06,-,,RD Brown,-
R Flannigan,0,-,,RD Gudhka,-
R Gunasekera,67.2,6.75,,RD Jackman,6.75
R Hekure,25,23.31,,RD Jacobs,23.31
R Illingworth,27.77,7.22,,RD King,7.22
R Kaia,-,-,,RD McCann,-
R Lamba,67.15,-,,RD Robinson,-
R McLaren,71.32,27.88,,RD Shah,27.88
R Murray,60.67,-,,RD Steede,-
R Mutumbami,71.49,-,,RD Woolley,-
R Ngarava,46.66,14.37,,RDB Croft,14.37
R Pathan,22.22,11.1,,RDM Leverock,11.1
R Powell,83.12,-,,RE Bryson,-
R Rampaul,76.69,-,,RE Redmond,-
R Sharma,45.83,19.2,,RE van der Merwe,19.2
R Sharma,50,-,,RF van Oosterom,-
R Shepherd,65.21,16.66,,RG Aga,16.66
R Strydom,53.54,-,,RG Callender,-
R Sudhakar Rao,28.57,21.1,,RG de Alwis,21.1
R Telemachus,77.65,-,,RG Hart,-
R Vijay Bharadwaj,70.1,13,,RG Petrie,13
R Vinay Kumar,58.9,-,,RG Samuels,-
R Walters,0,49.14,,RG Sharma,49.14
RA Austin,61.53,38.81,,RG Twose,38.81
RA Bhatti,75,-,,RGA Headley,-
RA Harper,73.58,-,,RGCE Wijesuriya,-
RA Jadeja,86.18,10.37,,RGD Willis,10.37
RA Jones,51.06,-,,RH Poonawala,-
RA Reifer,58.33,-,,RH Scholte,-
RA Smith,69.65,-,,RH Vance,-
RA Woolmer,45.65,23.96,,RIC Holder,23.96
Raees Ahmadzai,64.23,24.64,,Rizwan Cheema,24.64
Rafiqul Alam,38.09,-,,Rizwan Latif,-
Rafiqul Islam,0,-,,Rizwan-uz-Zaman,-
Rahat Ali,21.62,-,,RJ Bailey,-
Rahmat Shah,70.08,-,,RJ Blakey,-
RAJ Smith,166.66,16.5,,RJ Bright,16.5
Rajin Saleh,54.82,-,,RJ Campbell,-
RAL Massie,66.66,8,,RJ Harris,8
Rameez Raja,63.31,-,,RJ Kennedy,-
Rameez Shahzad,84.57,1,,RJ Kirtley,1
Ramveer Rai,31.45,8.25,,RJ McCurdy,8.25
Randhir Singh,-,30.84,,RJ Nicol,30.84
RAP Nissanka,37.85,20.59,,RJ Peterson,20.59
Raqibul Hasan,61.32,16.54,,RJ Ratnayake,16.54
Raqibul Hasan,26.15,-,,RJ Robinson,-
RAS Lakmal,60.39,29.04,,RJ Shastri,29.04
Rashid Khan,99.88,13.3,,RJ Sidebottom,13.3
Rashid Khan,63.58,21.66,,RJ Trott,21.66
Rashid Latif,76.39,-,,RJ van Vuuren,-
Rashid Zia,15.78,-,,RJ Webb,-
Raza Hasan,0,-,,RJW Topley,-
Raza-ur-Rehman,85.87,10.15,,RK Chauhan,10.15
RB Kanhai,60.07,11.33,,RK Illingworth,11.33
RB Kerr,61,-,,RK Kleinveldt,-
RB McCosker,51.36,-,,RK Paudel,-
RB Reid,55.35,-,,RK Sethi,-
RB Richardson,63.74,-,,RK Whelan,-
RB Simpson,67.92,-,,RL Bhudia,-
RC Fredericks,70.68,27.37,,RL Chase,27.37
RC Haynes,39.39,31.46,,RL Dias,31.46
RC Irani,65.57,-,,RL Hayes,-
RC Russell,66.3,-,,RL Johnson,-
RD Berrington,74.24,24.82,,RL Powell,24.82
RD Brown,32.93,-,,RL Sanghvi,-
RD Gudhka,121.42,10.75,,RM Ellison,10.75
RD Jackman,58.06,16.64,,RM Haq,16.64
RD Jacobs,70.06,9.13,,RM Hogg,9.13
RD King,32.01,-,,RM West,-
RD McCann,57.14,16.12,,RMH Binny,16.12
RD Robinson,57.34,14,,RML Taylor,14
RD Shah,65.53,11.33,,RMS Eranga,11.33
RD Steede,49.29,18.18,,RN Lewis,18.18
RD Woolley,81.57,67,,RN ten Doeschate,67
RDB Croft,66.47,-,,RO Butcher,-
RDM Leverock,29.05,5.66,,RO Collinge,5.66
RE Bryson,128,16.83,,RO Hinds,16.83
RE Redmond,27.27,-,,RO Hurley,-
RE van der Merwe,101.05,-,,RO Hussain,-
RF van Oosterom,25.92,-,,Robiul Islam,-
RG Aga,71.77,20.33,,Rohan Mustafa,20.33
RG Callender,0,-,,RP Alexander,-
RG de Alwis,78.32,35.26,,RP Arnold,35.26
RG Hart,0,20.25,,RP Burl,20.25
RG Holland,-,2.4,,RP de Groen,2.4
RG Nijman,-,28.5,,RP Lefebvre,28.5
RG Petrie,59.63,10.4,,RP Singh,10.4
RG Samuels,85.71,16.1,,RP Snell,16.1
RG Sharma,88.92,-,,RPAH Wickramaratne,-
RG Twose,75.4,-,,RR Beaton,-
RGA Headley,46.34,-,,RR David,-
RGCE Wijesuriya,37.5,-,,RR Emrit,-
RGD Willis,52.86,26.76,,RR Hendricks,26.76
RGM Patel,-,-,,RR Kulkarni,-
RH Poonawala,78.57,26.61,,RR Pant,26.61
RH Scholte,28.88,20.03,,RR Patel,20.03
RH Vance,51.55,11.64,,RR Powar,11.64
RIC Holder,68.37,-,,RR Ramdass,-
Rizwan Ahmed,-,38.71,,RR Rossouw,38.71
Rizwan Cheema,111.53,42.67,,RR Sarwan,42.67
Rizwan Latif,0,25.95,,RR Singh,25.95
Rizwan-uz-Zaman,15.5,30.83,,RR Watson,30.83
RJ Bailey,69.89,30.62,,RS Bopara,30.62
RJ Blakey,50,15.18,,RS Gabriel,15.18
RJ Bright,54.09,18.87,,RS Gavaskar,18.87
RJ Campbell,77.14,-,,RS Ghai,-
RJ Harris,100,-,,RS Haire,-
RJ Kennedy,113.33,2.5,,RS Higgins,2.5
RJ Kirtley,18.18,20.58,,RS Kalpage,20.58
RJ McCurdy,46.47,22.22,,RS Kaluwitharana,22.22
RJ Nicol,75.51,18.62,,RS Madugalle,18.62
RJ Peterson,80.81,29.49,,RS Mahanama,29.49
RJ Ratnayake,86.8,33.75,,RS Morton,33.75
RJ Robinson,67.5,25.45,,RS Sodhi,25.45
RJ Shastri,61.07,-,,RSA Jayasekera,-
RJ Sidebottom,68.55,-,,RT Crandon,-
RJ Trott,52.2,-,,RT Hart,-
RJ van Vuuren,68.42,20.1,,RT Latham,20.1
RJ Webb,60,22.5,,RT Lyons,22.5
RJW Topley,17.5,42.03,,RT Ponting,42.03
RK Chauhan,77.19,22.96,,RT Robinson,22.96
RK Illingworth,57.14,5,,Rubel Hossain,5
RK Kleinveldt,84.67,-,,Rumman Raees,-
RK Paudel,77.47,25.94,,RV Uthappa,25.94
RK Sethi,29.18,-,,RW Ali,-
RK Whelan,41.66,-,,RW Anderson,-
RL Bhudia,98.38,18.15,,RW Chakabva,18.15
RL Chase,75.99,20.08,,RW Marsh,20.08
RL Dias,67.94,9.66,,RW Price,9.66
RL Hayes,52,-,,RW Sims,-
RL Johnson,80,-,,RW Staple,-
RL Powell,96.66,13,,RW Taylor,13
RL Sanghvi,72.72,-,,RWT Key,-
RM Ellison,78.18,-,,S Abid Ali,-
RM Haq,60.79,-,,S Abrahams,-
RM Hogg,63.13,-,,S Amarnath,-
RM West,148.78,-,,S Badrinath,-
RMH Binny,60.13,-,,S Baksh,-
RML Taylor,89.53,18.9,,S Bau,18.9
RMS Eranga,53.12,41.6,,S Chanderpaul,41.6
RN Lewis,79.29,24.66,,S Chattergoon,24.66
RN ten Doeschate,87.7,24.72,,S Dhaniram,24.72
RO Butcher,85.29,44.5,,S Dhawan,44.5
RO Collinge,54.83,-,,S Dube,-
RO Hinds,59.41,12.5,,S Elworthy,12.5
RO Hurley,40.62,-,,S Jeganathan,-
RO Hussain,44.05,-,,S Jora,-
Robiul Islam,0,22,,S Jyoti,22
Rohan Mustafa,69.11,-,,S Kaul,-
Rokhan Barakzai,-,-,,S Keshvani,-
RP Alexander,45.33,-,,S Lamichhane,-
RP Arnold,72.57,17.66,,S Lee,17.66
RP Burl,68.06,19.09,,S Madan Lal,19.09
RP de Groen,33.33,22.01,,S Matsikenyeri,22.01
RP Lefebvre,61.07,23.64,,S Mukuddem,23.64
RP Singh,42.97,12.38,,S Prasanna,12.38
RP Singh,-,28.08,,S Ramesh,28.08
RP Snell,97.57,23,,S Ranatunga,23
RPAH Wickramaratne,66.66,17.5,,S Randiv,17.5
RR Beaton,29.41,-,,S Samarawickrama,-
RR David,48.23,-,,S Seeraj,-
RR Emrit,37.14,-,,S Shivnarine,-
RR Hendricks,76.98,-,,S Snater,-
RR Kulkarni,84.61,-,,S Somasunder,-
RR Pant,103.6,4,,S Sreesanth,4
RR Patel,63.49,-,,S Sriram,-
RR Powar,62.69,-,,S Sumar,-
RR Ramdass,11.11,-,,S Thuraisingam,-
RR Rossouw,94.36,-,,S Tyagi,-
RR Sarwan,75.74,10.8,,S Venkataraghavan,10.8
RR Singh,74.3,-,,S Vesawkar,-
RR Watson,74.33,9,,S Viswanath,9
RS Bopara,77.84,-,,S Walusimbi,-
RS Gabriel,46.38,24.56,,S Wettimuny,24.56
RS Gavaskar,64.52,-,,SA Abbott,-
RS Ghai,33.33,3.77,,SA Ankola,3.77
RS Haire,77.77,-,,SA Edwards,-
RS Higgins,23.8,-,,SA Jayasinghe,-
RS Kalpage,63.93,22.95,,SA Thomson,22.95
RS Kaluwitharana,77.7,-,,Saad Ali,-
RS Madugalle,60.35,-,,Saad Nasim,-
RS Mahanama,60.57,-,,Saadat Ali,-
RS Morton,66.36,25.63,,Sabbir Rahman,25.63
RS Sodhi,73.49,21.27,,Sadiq Mohammad,21.27
RSA Jayasekera,40.47,7.04,,Saeed Ajmal,7.04
RT Crandon,55.55,39.21,,Saeed Anwar,39.21
RT Hart,10.34,-,,Saeed Azad,-
RT Latham,57.83,-,,Sagar Pun,-
RT Lyons,61.22,-,,Saiful Islam,-
RT Ponting,80.39,10.83,,Sajid Ali,10.83
RT Robinson,58.18,-,,Sajjad Ahmed,-
Rubel Hossain,56.22,-,,Sajjad Akbar,-
Rumman Raees,112.5,-,,Saleem Altaf,-
RV Uthappa,90.59,36.72,,Saleem Elahi,36.72
RW Ali,25,18,,Saleem Jaffar,18
RW Anderson,34.78,32.88,,Saleem Malik,32.88
RW Chakabva,58.89,-,,Saleem Pervez,-
RW Marsh,82.26,-,,Saleem Raza,-
RW Price,57.91,17.86,,Saleem Yousuf,17.86
RW Sims,46.26,36.82,,Salman Butt,36.82
RW Staple,36.36,-,,Salman Faris,-
RW Taylor,41.66,-,,Sameer Zia,-
RW Tolchard,-,-,,Sami Aslam,-
RWT Key,40,-,,Sami Faridi,-
S Abid Ali,70.45,29.2,,Samiullah Shinwari,29.2
S Abrahams,61.53,-,,Samiur Rahman,-
S Amarnath,84.03,-,,Sandeep Goud,-
S Badrinath,45.93,11.6,,Sanwar Hossain,11.6
S Baksh,0,-,,Saqib Ali,-
S Bau,62.79,-,,Saqib Zulfiqar,-
S Chanderpaul,70.74,-,,Saqlain Haider,-
S Chattergoon,60.16,11.85,,Saqlain Mushtaq,11.85
S Dhaniram,81.26,22.05,,SAR Silva,22.05
S Dhawan,94.01,-,,Sarandeep Singh,-
S Dube,150,33.85,,Sarfaraz Ahmed,33.85
S Elworthy,62.5,9.6,,Sarfraz Nawaz,9.6
S Jeganathan,64.1,-,,Sayed Shirzad,-
S Jora,95,13.84,,SB Bangar,13.84
S Jyoti,59.72,12.28,,SB Doull,12.28
S Kaul,33.33,17.17,,SB Joshi,17.17
S Keshvani,55.26,-,,SB Lama,-
S Lamichhane,57.97,3.42,,SB O'Connor,3.42
S Lee,95.4,39.13,,SB Smith,39.13
S Madan Lal,62.17,32.48,,SB Styris,32.48
S Matsikenyeri,72.39,41.02,,SC Ganguly,41.02
S Mukuddem,50.92,-,,SC Getkate,-
S Prasanna,94.6,16.1,,SC Joseph,16.1
S Ramesh,59.15,-,,SC Khanna,-
S Ranatunga,48.09,-,,SC Kuggeleijn,-
S Randiv,73.29,-,,SC Meaker,-
S Samarawickrama,83.63,34.1,,SC Williams,34.1
S Seeraj,108.33,32.36,,SC Williams,32.36
S Shivnarine,46.51,-,,SCG MacGill,-
S Snater,85.71,12.3,,SCJ Broad,12.3
S Somasunder,25.39,10.33,,SD Anurasiri,10.33
S Sreesanth,36.36,-,,SD Heazlett,-
S Sriram,60,52.75,,SD Hope,52.75
S Sumar,36.36,-,,SD Jack,-
S Thuraisingam,41.66,14.6,,SD Outerbridge,14.6
S Tyagi,50,11.66,,SD Udal,11.66
S Venkataraghavan,42.85,16.22,,SE Bond,16.22
S Vesawkar,26.66,-,,SE Findlay,-
S Viswanath,51.79,40.77,,SE Marsh,40.77
S Walusimbi,30.15,-,,SF Burger,-
S Weerakoon,-,-,,SF Dukanwala,-
S Wettimuny,48.04,4,,SF Graf,4
SA Abbott,42.85,20.31,,SF Mire,20.31
SA Ankola,80.95,26.6,,SFAF Bacchus,26.6
SA Britton,-,-,,SG Borthwick,-
SA Edwards,87.65,-,,SG Davies,-
SA Jayasinghe,33.33,26.89,,SG Law,26.89
SA Thomson,67.55,6.5,,SG Peall,6.5
Saad Ali,47.82,-,,SG Whittingham,-
Saad Nasim,79.83,1.66,,Shabbir Ahmed,1.66
Saadat Ali,53.95,-,,Shabir Noori,-
Sabbir Rahman,91.23,-,,Shadab Kabir,-
Sadiq Mohammad,50.72,25.92,,Shadab Khan,25.92
Saeed Ajmal,60.56,-,,Shafiq Ahmed,-
Saeed Anwar,80.67,22.63,,Shafiqullah,22.63
Saeed Azad,49.61,5.5,,Shafiuddin Ahmed,5.5
Saeed-al-Saffar,-,5.86,,Shafiul Islam,5.86
Sagar Pun,15,7.9,,Shahadat Hossain,7.9
Saiful Islam,62.71,-,,Shaheedur Rahman,-
Sajid Ali,44.36,21,,Shaheen Shah Afridi,21
Sajjad Ahmed,32.6,23.57,,Shahid Afridi,23.57
Sajjad Akbar,55.55,-,,Shahid Anwar,-
Saleem Altaf,47.16,-,,Shahid Mahboob,-
Saleem Elahi,71.31,25,,Shahid Nazir,25
Saleem Jaffar,49.31,-,,Shahid Saeed,-
Saleem Malik,76.41,-,,Shahid Wasif,-
Saleem Pervez,46.15,19.05,,Shahriar Hossain,19.05
Saleem Raza,91.9,31.44,,Shahriar Nafees,31.44
Saleem Yousuf,75,-,,Shahzad Khan,-
Salman Butt,76.28,-,,Shahzaib Hasan,-
Salman Faris,54.43,31.25,,Shaiman Anwar,31.25
Salman Farooq,-,-,,Shakeel Ahmed jnr,-
Sameer Zia,10,-,,Shakeel Khan,-
Sami Aslam,66.66,37.86,,Shakib Al Hasan,37.86
Sami Faridi,61.29,-,,Shamsur Rahman,-
Samiullah Khan,-,-,,Shan Masood,-
Samiullah Shinwari,65.49,6.7,,Shapoor Zadran,6.7
Samiur Rahman,57.14,9.42,,Sharafuddin Ashraf,9.42
Sandeep Goud,100.75,-,,Shariful Haque,-
Sanwar Hossain,48.57,32.48,,Sharjeel Khan,32.48
Saqib Ali,65.11,-,,Sheikh Salahuddin,-
Saqib Zulfiqar,0,8.95,,Shoaib Akhtar,8.95
Saqlain Haider,75.32,34.55,,Shoaib Malik,34.55
Saqlain Mushtaq,49.58,24.4,,Shoaib Mohammad,24.4
SAR Silva,52.62,29,,SHT Kandamby,29
Sarandeep Singh,64.38,19.08,,SHU Karnain,19.08
Sarfaraz Ahmed,87.79,-,,Shubman Gill,-
Sarfraz Nawaz,64.05,-,,Shuvagata Hom,-
Sayed Shirzad,147.05,16.63,,SI de Saram,16.63
SB Bangar,75.31,7.72,,SI Mahmood,7.72
SB Doull,91.48,34.05,,Sikandar Raza,34.05
SB Joshi,89.43,7.75,,Sikander Bakht,7.75
SB Lama,33.33,-,,Simandeep Singh,-
SB O'Connor,26.37,14.84,,Simi Singh,14.84
SB Smith,65.27,21.61,,Sir RJ Hadlee,21.61
SB Styris,79.41,-,,SJ Baard,-
SC Ganguly,73.7,7.91,,SJ Benn,7.91
SC Getkate,100,-,,SJ Cameron,-
SC Joseph,53.31,-,,SJ Chalmers,-
SC Khanna,66.41,-,,SJ Cook,-
SC Kuggeleijn,183.33,8.27,,SJ Harmison,8.27
SC Meaker,12.5,-,,SJ Massiah,-
SC Williams,81.76,24.5,,SJ Myburgh,24.5
SC Williams,66.02,-,,SJ Palframan,-
SCG MacGill,33.33,-,,SJ Rhodes,-
SCJ Broad,74.61,-,,SJ Rixon,-
SD Anurasiri,43.35,-,,SJ Roberts,-
SD Heazlett,36.36,-,,SJ Swanepoel,-
SD Hope,73.89,-,,SK Atai,-
SD Jack,87.5,-,,SK Gupta,-
SD Outerbridge,54.9,35.31,,SK Raina,35.31
SD Parry,-,-,,SK Ranasinghe,-
SD Udal,76.08,10,,SK Sharma,10
SE Bond,76.04,13.05,,SK Warne,13.05
SE Findlay,75.25,-,,Skhawat Ali,-
SE Marsh,81.41,53.66,,SKL de Silva,53.66
SF Burger,55,-,,SKW Kelly,-
SF Dukanwala,60.43,10,,SL Boock,10
SF Graf,48,26.24,,SL Campbell,26.24
SF Mire,80.25,6.83,,SL Malinga,6.83
SFAF Bacchus,65.94,-,,SL Stewart,-
SG Borthwick,112.5,-,,SL Watkin,-
SG Davies,38.72,4,,SLV Raju,4
SG Law,75.28,3,,SM Boland,3
SG Peall,60.66,-,,SM Curran,-
SG Whittingham,41.17,-,,SM Davies,-
SHA Rance,-,25.85,,SM Ervine,25.85
Shabbir Ahmed,34.48,35.13,,SM Gavaskar,35.13
Shabir Noori,63.66,-,,SM Harwood,-
Shadab Kabir,0,35.78,,SM Katich,35.78
Shadab Khan,68.63,24.51,,SM Patil,24.51
Shafiq Ahmed,45.05,26.45,,SM Pollock,26.45
Shafiqullah,105.39,17.17,,SM Sharif,17.17
Shafiuddin Ahmed,33.33,-,,SM Warnapura,-
Shafiul Islam,54.89,23.33,,SMA Priyanjan,23.33
Shahadat Hossain,52.31,20.72,,SMH Kirmani,20.72
Shaheedur Rahman,57.4,-,,SMS Kaluperuma,-
Shaheen Shah Afridi,65.62,13.18,,SMSM Senanayake,13.18
Shahid Afridi,117,-,,SN Netravalkar,-
Shahid Anwar,84.09,-,,SN Thakur,-
Shahid Mahboob,61.34,-,,SO Dowrich,-
Shahid Nazir,58.13,38.27,,SO Hetmyer,38.27
Shahid Saeed,44.62,7.55,,SO Ngoche,7.55
Shahid Wasif,49.69,29.05,,SO Tikolo,29.05
Shahriar Hossain,53.07,15.33,,Sohag Gazi,15.33
Shahriar Nafees,69.49,31.95,,Sohaib Maqsood,31.95
Shahzad Khan,33.33,-,,Sohail Butt,-
Shahzaib Hasan,88.49,-,,Sohail Fazal,-
Shaiman Anwar,82.53,5,,Sohail Khan,5
Shakeel Ahmed jnr,47.65,13.75,,Sohail Tanvir,13.75
Shakeel Khan,0,14,,Sohrawordi Shuvo,14
Shakib Al Hasan,82.75,-,,Sompal Kami,-
Shamsur Rahman,76,33.88,,Soumya Sarkar,33.88
Shan Masood,76.55,5,,SP Davis,5
Shapoor Zadran,41.87,32.4,,SP Fleming,32.4
Sharafuddin Ashraf,66,-,,SP Gauchan,-
Shariful Haque,166.66,-,,SP Heaney,-
Sharjeel Khan,113.4,-,,SP Jones,-
Shehzad Altaf,-,-,,SP Khakurel,-
Sheikh Salahuddin,17.64,-,,SP Mukherjee,-
Shoaib Akhtar,73.23,11,,SP Narine,11
Shoaib Malik,81.9,25.34,,SP O'Donnell,25.34
Shoaib Mohammad,50.92,-,,SP Pasqual,-
SHT Kandamby,69.6,26.3,,SP Patil,26.3
SHU Karnain,59.32,-,,SP Terry,-
Shubman Gill,50,41.41,,SPD Smith,41.41
Shuvagata Hom,81.39,13.8,,SR Clark,13.8
SI de Saram,67.77,11.66,,SR Gillespie,11.66
SI Mahmood,84.15,32.13,,SR Patel,32.13
Sikandar Raza,81.74,-,,SR Taylor,-
Sikander Bakht,31.95,44.83,,SR Tendulkar,44.83
Simandeep Singh,0,16.28,,SR Thompson,16.28
Simi Singh,58.73,20.95,,SR Waters,20.95
Sir RJ Hadlee,75.5,40.54,,SR Watson,40.54
SJ Baard,55.59,32.9,,SR Waugh,32.9
SJ Benn,75.83,-,,SR Welsh,-
SJ Cameron,69.23,-,,SRD Wettimuny,-
SJ Chalmers,64.28,10.85,,SS Cottrell,10.85
SJ Cook,56.77,-,,SS Das,-
SJ Harmison,64.53,23.27,,SS Dighe,23.27
SJ Massiah,52.27,47.6,,SS Iyer,47.6
SJ Myburgh,86.72,15.73,,SS Karim,15.73
SJ Palframan,68.75,-,,SS McKechnie,-
SJ Rhodes,71.33,-,,SS Naik,-
SJ Rixon,40.81,25.53,,SS Pathirana,25.53
SJ Roberts,50,-,,SS Raul,-
SJ Swanepoel,45.74,-,,SS Tiwary,-
SK Atai,42.1,-,,ST Banerjee,-
SK Gupta,55,-,,ST Clarke,-
SK Raina,93.5,8,,ST Finn,8
SK Ranasinghe,67.9,3.42,,ST Gabriel,3.42
SK Sharma,59.25,32.36,,ST Jayasuriya,32.36
SK Warne,72.04,28.75,,STR Binny,28.75
Skhawat Ali,42.2,-,,Subashis Roy,-
SKL de Silva,83.41,-,,Sultan Ahmed,-
SKW Kelly,45.16,-,,Sultan Zarawani,-
SL Boock,96.77,-,,Sunzamul Islam,-
SL Campbell,59.25,-,,Suraj Kumar,-
SL Malinga,74.5,-,,SV Bahutule,-
SL Stewart,44.06,27.67,,SV Carlisle,27.67
SL Watkin,17.39,33.23,,SV Manjrekar,33.23
SLV Raju,47.76,-,,SV Nayak,-
SM Boland,40.9,-,,SW Ambris,-
SM Curran,58.62,22.58,,SW Billings,22.58
SM Davies,105.62,-,,SW Lubbers,-
SM Ervine,85.53,21.25,,SW Masakadza,21.25
SM Gavaskar,62.26,13.21,,SW Poynter,13.21
SM Harwood,0,12.5,,SW Tait,12.5
SM Katich,68.74,-,,Syed Maqsood,-
SM Patil,82.17,5.06,,Syed Rasel,5.06
SM Pollock,86.69,-,,T Bavuma,-
SM Sharif,74.11,23.73,,T Duffin,23.73
SM Warnapura,46.05,-,,T Gibbons,-
SMA Priyanjan,80.45,-,,T Kumaran,-
SMH Kirmani,60.55,11.52,,T Maruma,11.52
SMS Kaluperuma,26.82,34.18,,T Mishra,34.18
SMSM Senanayake,93.24,8.4,,T Mupariwa,8.4
SN Netravalkar,68.13,-,,T Muzarabani,-
SN Thakur,162.5,6.63,,T Panyangara,6.63
SO Dowrich,75,0,,T Shamsi,0
SO Hetmyer,106.87,29.25,,T Taibu,29.25
SO Ngoche,57.14,18.66,,T Thushara,18.66
SO Tikolo,75.77,-,,T van der Gugten,-
Sohag Gazi,86.38,-,,T Yohannan,-
Sohaib Maqsood,83.42,9.62,,TA Boult,9.62
Sohail Butt,57.14,-,,TA Lloyd,-
Sohail Fazal,94.91,-,,Tabarak Dar,-
Sohail Khan,49.01,15,,Tahir Naqqash,15
Sohail Tanvir,87.11,-,,Taijul Islam,-
Sohrawordi Shuvo,72.59,-,,Talha Jubair,-
Sompal Kami,89.02,22.43,,TAM Siriwardana,22.43
Soumya Sarkar,98.57,35.52,,Tamim Iqbal,35.52
SP Davis,58.82,-,,Tanbir Hayder,-
SP Fleming,71.49,-,,Tanveer Ahmed,-
SP Gauchan,20.45,-,,Tanvir Ahmed,-
SP Heaney,44.56,-,,Tanvir Mehdi,-
SP Jones,50,18.25,,Tanwir Afzal,18.25
SP Khakurel,53.07,12,,Tapash Baisya,12
SP Mukherjee,100,-,,Tareq Aziz,-
SP Narine,82.31,-,,Tariq Javed,-
SP O'Donnell,80.96,4.1,,Taskin Ahmed,4.1
SP Pasqual,85.71,-,,Taslim Arif,-
SP Patil,65.09,24,,Taufeeq Umar,24
SP Terry,47.76,10.54,,Tauseef Ahmed,10.54
SPD Smith,86.89,-,,TB Sole,-
SR Clark,78.4,9.75,,TBA May,9.75
SR Gillespie,66.03,16.66,,TBM de Leede,16.66
SR Patel,93.23,13.46,,TC Bastiampillai,13.46
SR Taylor,68.67,7.25,,TCB Fernando,7.25
SR Tendulkar,86.23,-,,TD Astle,-
SR Thompson,90.83,27.81,,TD Paine,27.81
SR Waters,55.79,16.37,,TE Blain,16.37
SR Watson,90.44,-,,TE Jesty,-
SR Waugh,75.91,-,,TE Srinivasan,-
SR Welsh,52.56,-,,TG Gordon,-
SRD Wettimuny,56.19,9,,TG Hogan,9
SS Cottrell,76.14,-,,TG Shaw,-
SS Das,50.64,12.75,,TG Southee,12.75
SS Dighe,60.8,-,,TGJ Gruijters,-
SS Iyer,103.1,-,,TJ Franklin,-
SS Karim,64.64,16.11,,TJ Friend,16.11
SS McKechnie,55.95,-,,TJ Heggelman,-
SS Naik,55.88,-,,TJ Jenner,-
SS Pathirana,86.68,-,,TJ Laughlin,-
SS Raul,57.14,7.83,,TJ Murtagh,7.83
SS Tiwary,87.5,10.83,,TJ Zoehrer,10.83
ST Banerjee,116.66,-,,TK Canning,-
ST Clarke,103.44,44.5,,TK Curran,44.5
ST Finn,60.98,21.71,,TK Musakanda,21.71
ST Gabriel,38.09,-,,TK Patel,-
ST Jayasuriya,91.2,9.5,,TL Best,9.5
STR Binny,93.49,6.6,,TL Chatara,6.6
Subashis Roy,11.11,-,,TL Fernando,-
Sultan Ahmed,42.85,-,,TL Seifert,-
Sultan Zarawani,41.93,48.8,,TLW Cooper,48.8
Sunzamul Islam,79.16,2.66,,TM Alderman,2.66
Suraj Kumar,71.42,17.61,,TM Chappell,17.61
SV Bahutule,79.31,39.27,,TM Dilshan,39.27
SV Carlisle,63.35,25.33,,TM Dowlin,25.33
SV Manjrekar,64.3,34.4,,TM Head,34.4
SV Nayak,15.78,23.28,,TM Moody,23.28
SW Ambris,100.27,23.49,,TM Odoyo,23.49
SW Billings,90.93,-,,TMK Mawoyo,-
SW Lubbers,64.86,17.14,,TN de Grooth,17.14
SW Masakadza,96.04,15.91,,TN Madondo,15.91
SW Poynter,66.54,5.4,,TP Kamungozi,5.4
SW Tait,86.2,27.61,,TP Ura,27.61
Syed Maqsood,41.86,-,,TP Visee,-
Syed Rasel,43.78,-,,TR Ambrose,-
T Bavuma,94.7,-,,TR Gripper,-
T Bosch,-,-,,TRO Payne,-
T Duffin,54.98,14.88,,TS Chisoro,14.88
T Gibbons,33.67,-,,TS Kamunhukamwe,-
T Kumaran,70.37,-,,TS Nethula,-
T Maruma,59.39,-,,TS Roland-Jones,-
T Mishra,73.53,19.79,,TT Bresnan,19.79
T Mupariwa,56.92,27.8,,TT Samaraweera,27.8
T Muzarabani,30,-,,TT Smart,-
T Panyangara,51.61,14.35,,Tushar Imran,14.35
T Shamsi,0,-,,TV Mufambisi,-
T Taibu,67.58,32.27,,TWM Latham,32.27
T Thushara,92.45,17.18,,U Bhatti,17.18
T van der Gugten,66.66,-,,U Chatterjee,-
T Yohannan,63.63,-,,U Ranchod,-
TA Boult,73.68,20.9,,UC Hathurusingha,20.9
TA Lloyd,44.29,17.3,,UDU Chandana,17.3
Tabarak Dar,57.71,-,,Umair Ali,-
Tahir Naqqash,86.77,34.34,,Umar Akmal,34.34
Taijul Islam,81.81,18.06,,Umar Amin,18.06
Talha Jubair,33.33,9.72,,Umar Gul,9.72
TAM Siriwardana,98.28,-,,UNK Fernando,-
Tamim Iqbal,77.74,27.4,,Usman Ghani,27.4
Tanbir Hayder,31.25,18.9,,Usman Limbada,18.9
Tanveer Ahmed,36.36,-,,Usman Mushtaq,-
Tanvir Ahmed,150,-,,Usman Salahuddin,-
Tanvir Mehdi,0,2,,Usman Shinwari,2
Tanwir Afzal,114.5,42,,UT Khawaja,42
TAP Sekhar,-,7.9,,UT Yadav,7.9
Tapash Baisya,58.33,-,,UWMBCA Welegedara,-
Tareq Aziz,35.61,-,,V Aravind,-
Tariq Javed,19.48,16.61,,V Dahiya,16.61
Taskin Ahmed,41.41,59.84,,V Kohli,59.84
Taslim Arif,48.27,-,,V Mehra,-
Taufeeq Umar,56.31,-,,V Permaul,-
Tauseef Ahmed,53.7,-,,V Pollard,-
TB Sole,106.97,-,,V Rathour,-
TBA May,75,-,,V Razdan,-
TBM de Leede,63.69,35.05,,V Sehwag,35.05
TC Bastiampillai,58.13,31.85,,V Shankar,31.85
TCB Fernando,49.15,-,,V Shetty,-
TD Astle,102.59,24.54,,V Sibanda,24.54
TD Paine,70.8,11.8,,V Yadav,11.8
TE Blain,66.76,12.8,,VA Holder,12.8
TE Jesty,69.78,-,,VAB Tewarie,-
TE Srinivasan,28.57,-,,VB Chandrasekhar,-
TE Tucker,-,9.33,,VB John,9.33
TG Gordon,45.76,-,,VB van Jaarsveld,-
TG Hogan,75.78,7.83,,VC Drakes,7.83
TG Shaw,74.28,-,,VD Grandia,-
TG Southee,98.54,12.58,,VD Philander,12.58
TGJ Gruijters,58.62,32.59,,VG Kambli,32.59
TJ Franklin,30.33,13.57,,VJ Marks,13.57
TJ Friend,75.69,-,,VJ Wells,-
TJ Heggelman,31.76,-,,VR Aaron,-
TJ Jenner,48,-,,VR Brown,-
TJ Laughlin,65.62,-,,VR Hogg,-
TJ Murtagh,63.08,-,,VRV Singh,-
TJ Zoehrer,71.03,26.75,,VS Solanki,26.75
TK Canning,71.23,26.08,,VV Morea,26.08
TK Curran,107.22,30.76,,VVS Laxman,30.76
TK Musakanda,79.58,35.65,,W Barresi,35.65
TK Patel,53.92,-,,W Jaffer,-
TL Best,60.8,24.62,,W Larkins,24.62
TL Chatara,49.1,-,,W Mwayenga,-
TL Fernando,133.33,7.81,,W Watson,7.81
TL Seifert,122.22,-,,WA Wisneski,-
TLW Cooper,70.16,13.87,,Wahab Riaz,13.87
TM Alderman,32.98,-,,Waheed Ahmed,-
TM Chappell,62.73,23.26,,Wajahatullah Wasti,23.26
TM Dilshan,86.23,10.3,,Waqar Younis,10.3
TM Dowlin,65.51,-,,Waqas Barkat,-
TM Head,90.02,-,,Waqas Khan,-
TM Moody,69.31,16.52,,Wasim Akram,16.52
TM Odoyo,70.38,17,,Wasim Bari,17
TMK Mawoyo,36.25,-,,Wasim Haider,-
TN de Grooth,62.01,22.34,,Wasim Raja,22.34
TN Garwe,-,24.34,,WB Phillips,24.34
TN Madondo,57.7,6.61,,WB Rankin,6.61
TP Kamungozi,49.09,-,,WCA Ganegama,-
TP Ura,80.49,-,,WD Balaji Rao,-
TP Visee,123.21,21.16,,WD Parnell,21.16
TR Ambrose,29.41,30,,WF Stelling,30
TR Gripper,42.78,29.8,,WIA Fernando,29.8
TRO Payne,52.5,38.64,,WJ Cronje,38.64
TS Chisoro,61.46,-,,WJ Edwards,-
TS Kamunhukamwe,74,11.31,,WK Lees,11.31
TS Nethula,109.09,20.05,,WK McCallan,20.05
TS Roland-Jones,100,7.45,,WKM Benjamin,7.45
TT Bresnan,90.25,21.35,,WM Darling,21.35
TT Samaraweera,69.29,-,,WM Lawry,-
TT Smart,36.17,-,,WN Slack,-
Tushar Imran,59.17,-,,WP Diepeveen,-
TV Mufambisi,61.11,5.88,,WP Masakadza,5.88
TWM Latham,82.36,-,,WP Saha,-
U Bhatti,73.68,13.68,,WPUJC Vaas,13.68
U Chatterjee,20,14.42,,WR James,14.42
U Ranchod,50,26.66,,WS Jayantha,26.66
UC Hathurusingha,50.75,-,,WT Gavera,-
UDU Chandana,72.99,31.05,,WTS Porterfield,31.05
Umair Ali,66.66,33.74,,WU Tharanga,33.74
Umar Akmal,86.04,23.73,,WV Raman,23.73
Umar Amin,69.13,49,,WW Daniel,49
Umar Gul,71.18,14,,WW Davis,14
UNK Fernando,88,28.51,,WW Hinds,28.51
Usman Ghani,79.03,14.42,,XJ Doherty,14.42
Usman Limbada,66.54,18.06,,XM Marshall,18.06
Usman Mushtaq,42.85,-,,Y Goonasekera,-
Usman Salahuddin,46.42,-,,Y Punja,-
Usman Shinwari,85.71,24.22,,Y Venugopal Rao,24.22
UT Khawaja,84.09,-,,Yamin Ahmadzai,-
UT Yadav,58.95,28.48,,Yashpal Sharma,28.48
UWMBCA Welegedara,44.44,14.8,,Yasir Arafat,14.8
V Aravind,88,36.87,,Yasir Hameed,36.87
V Dahiya,80.89,18.14,,Yasir Shah,18.14
V Mehra,45.54,27,,YK Pathan,27
V Permaul,73.07,-,,Younis Ahmed,-
V Pollard,46.2,31.24,,Younis Khan,31.24
V Rathour,58.3,7.8,,YS Chahal,7.8
V Razdan,85.18,-,,Yunus Badat,-
V Sehwag,104.33,36.55,,Yuvraj Singh,36.55
V Shankar,90.65,-,,Z Groenewald,-
V Shetty,55.17,12,,Z Khan,12
V Sibanda,63.48,-,,Zafar Gohar,-
V Yadav,101.72,-,,Zafar Iqbal,-
VA Holder,75.29,47.62,,Zaheer Abbas,47.62
VAB Tewarie,18.18,-,,Zaheer Maqsood,-
VB Chandrasekhar,54.32,-,,Zahid Ahmed,-
VB John,55.26,23.2,,Zahid Fazal,23.2
VB van Jaarsveld,60,-,,Zahid Hussain,-
VC Drakes,54.02,-,,Zahid Razzak,-
VD Grandia,0,-,,Zahid Shah,-
VD Philander,70.89,22.84,,Zahoor Elahi,22.84
VG Kambli,71.94,5.77,,Zahoor Khan,5.77
VJ Kingma,-,-,,Zain Abbas,-
VJ Marks,65.66,-,,Zakir Hossain,-
VJ Wells,55.73,27,,Zakir Khan,27
VR Aaron,53.33,-,,Zakiullah Zaki,-
VR Brown,51.76,-,,ZE Green,-
VR Hogg,36.84,17.26,,ZE Surkari,17.26
VRV Singh,61.53,-,,Zeeshan Maqsood,-
VS Solanki,72.93,-,,Zeeshan Siddiqi,-
VV Morea,68.04,11.27,,Ziaur Rahman,11.27
VVS Laxman,71.23,-,,ZS Ansari,-
W Barresi,75.67,-,,Zulfiqar Ali,-
W Jaffer,43.47,-,,Zulfiqar Babar,-
W Larkins,56.44,6,,Zulqarnain,6
W Mwayenga,9.09,-,,Zulqarnain Haider,-
W Watson,47.77,,,,
WA Wisneski,58.82,,,,
Wahab Riaz,86.4,,,,
Waheed Ahmed,45.54,,,,
Wahidul Gani,-,,,,
Wajahatullah Wasti,48.94,,,,
Waqar Younis,67.05,,,,
Waqas Barkat,55.43,,,,
Waqas Khan,48.9,,,,
Washington Sundar,-,,,,
Wasim Akram,88.33,,,,
Wasim Bari,51.27,,,,
Wasim Haider,37.14,,,,
Wasim Raja,66.95,,,,
WB Phillips,85.71,,,,
WB Rankin,41.84,,,,
WCA Ganegama,77.77,,,,
WD Balaji Rao,66.29,,,,
WD Parnell,78.39,,,,
WF Stelling,66.17,,,,
WIA Fernando,96.33,,,,
WJ Cronje,76.47,,,,
WJ Edwards,14.28,,,,
WK Lees,70.03,,,,
WK McCallan,86.15,,,,
WKM Benjamin,73.39,,,,
WM Clark,-,,,,
WM Darling,53.46,,,,
WM Lawry,55.1,,,,
WN Slack,50.58,,,,
WP Diepeveen,85.71,,,,
WP Masakadza,42.4,,,,
WP Saha,73.21,,,,
WPUJC Vaas,72.42,,,,
WR James,39.6,,,,
WS Jayantha,75.47,,,,
WT Gavera,66.66,,,,
WTS Porterfield,69.15,,,,
WU Tharanga,75.92,,,,
WV Raman,55.63,,,,
WW Daniel,87.5,,,,
WW Davis,52.83,,,,
WW Hinds,65.55,,,,
XJ Doherty,54.89,,,,
XM Marshall,66.91,,,,
Y Goonasekera,66.34,,,,
Y Punja,16.66,,,,
Y Venugopal Rao,60.05,,,,
Yamin Ahmadzai,15.78,,,,
Yashpal Sharma,63.02,,,,
Yasir Arafat,67.27,,,,
Yasir Hameed,66.95,,,,
Yasir Shah,85.23,,,,
YK Pathan,113.6,,,,
Younis Ahmed,55.62,,,,
Younis Khan,75.29,,,,
YS Chahal,54.16,,,,
Yunus Badat,14.28,,,,
Yuvraj Singh,87.67,,,,
Z Groenewald,21.05,,,,
Z Khan,73.46,,,,
Zafar Gohar,100,,,,
Zafar Iqbal,77.41,,,,
Zaheer Abbas,84.8,,,,
Zaheer Maqsood,28.26,,,,
Zahid Ahmed,23.07,,,,
Zahid Fazal,59.58,,,,
Zahid Hussain,29.03,,,,
Zahid Razzak,31.81,,,,
Zahid Shah,55,,,,
Zahir Khan,-,,,,
Zahoor Elahi,58.57,,,,
Zahoor Khan,67.53,,,,
Zain Abbas,48.14,,,,
Zakir Hasan,-,,,,
Zakir Hossain,0,,,,
Zakir Khan,42.85,,,,
Zakiullah Zaki,13.63,,,,
Zawar Farid,33.33,,,,
ZE Green,76.86,,,,
ZE Surkari,50,,,,
Zeeshan Maqsood,48.91,,,,
Zeeshan Siddiqi,45.04,,,,
Ziaur Rahman,112.72,,,,
ZS Ansari,-,,,,
Zulfiqar Ali,51.31,,,,
Zulfiqar Babar,87.5,,,,
Zulqarnain,60,,,,
Zulqarnain Haider,70.58,,,,